간단 통계,,,,,,,,,,,,,보기 옵션,표시된 목록의 기술스탯,,,,,,,,,,,"간단한 사용법
- 필터링 설정에서 원하는 옵션을 선택
- 여러가지 필터링들을 동시에 적용가능
- 기술스탯의 경우엔 옆에 보기 옵션에서 입수/120 바꿀 수 있음
- 예전시트에서 새버전으로 갈아타고싶으면 ""사용법"" 시트 참고",
"표시된 목록의 수집률, 콜라보 포함",,,,0.13%,,"표시된 목록의 함순이 수
콜라보 포함 (콜라보 제외)",,,,866 (777),,,120 기술스탯,내구,94,대잠,35,포격,222,뇌장,106,명중,79,,,
"표시된 목록의 수집률, 콜라보 제외",,,,0.13%,,표시된 목록의 총 획득 기술점수,,,,2,,,*입수스탯 필요하면 여기바꿔,대공,79,기동,61,항공,64,장전,92,,,,,
,,,,,,,,,,,,,,,,,,,,,,,,,,
,,,,,,,,"여기만 수정하면 됨
메인시트(여기) 에서도 수정가능",,,,,,,입수 스탯,,,,,120 스탯,,,,,"필터링 설정
(필터링 걸고 싶은걸 
전체보기에서 특정항목으로 바꿀것)",
계산용,ID,사진,이름,레어도,함종,진영,"개장
가능?","개장
여부",즐겨찾기,"획득/육성
여부","스킬작
여부","호감작
여부","자유코멘트
(메모필요하면 쓰셈)","획득
기술점수","적용
함종","적용
함종","적용
함종","입수
능력치","입수
수치","적용
함종","적용
함종","적용
함종","120
능력치","120
수치",,
1,1,,범용형 부린,SR,구축,기타,X,,X,미획득,스작 안함,호감작 안함,,0,,,,,0,,,,,0,"이름으로 찾기
(옆에 비워둬야 전체보기)",
2,2,,시제형 부린 MK II,SSR,구축,기타,X,,X,미획득,스작 안함,호감작 안함,,0,,,,,0,,,,,0,"이름 일부로 찾기
(옆에 비워둬야 전체보기)
(검색 복붙용 : µ )",
3,3,,특장형 부린 MKIII,UR,구축,기타,X,,X,미획득,스작 안함,호감작 안함,,0,,,,,0,,,,,0,특정 함종만 보기,전체보기
4,4,,듀이,R,구축,유니온,X,,X,미획득,스작 안함,호감작 안함,,0,구축,,,내구,1,구축,,,내구,1,특정 레어도만 보기,전체보기
5,5,,캐신,N,구축,유니온,O,O,X,획득,스작 안함,호감작 안함,,2,구축,,,내구,1,구축,,,내구,1,특정 진영만 보기,전체보기
6,6,,다운즈,N,구축,유니온,O,X,X,미획득,스작 안함,호감작 안함,,0,구축,,,내구,1,구축,,,내구,1,즐겨찾기만 보기,전체보기
7,7,,그리들리,R,구축,유니온,X,,X,미획득,스작 안함,호감작 안함,,0,구축,,,내구,1,구축,,,대공,1,획득/육성여부로 필터링하기,전체보기
8,8,,크레이븐,N,구축,유니온,X,,X,미획득,스작 안함,호감작 안함,,0,구축,,,내구,1,구축,,,내구,1,입수 스탯으로 필터링하기,전체보기
9,9,,맥콜,N,구축,유니온,X,,X,미획득,스작 안함,호감작 안함,,0,구축,,,내구,1,구축,,,내구,1,120 달성 스탯으로 필터링하기,전체보기
10,10,,모리,SR,구축,유니온,O,X,X,미획득,스작 안함,호감작 안함,,0,구축,,,내구,1,구축,,,기동,1,스킬작 여부로 필터링하기,전체보기
11,11,,플레처,R,구축,유니온,X,,X,미획득,스작 안함,호감작 안함,,0,구축,,,내구,1,구축,,,대공,1,호감작 여부로 필터링하기,전체보기
12,12,,윌리엄 D 포터,UR,구축,유니온,X,,X,미획득,스작 안함,호감작 안함,,0,구축,,,포격,1,구축,,,내구,2,개장여부로 필터링하기,전체보기
13,13,,찰스 오스본,SR,구축,유니온,O,X,X,미획득,스작 안함,호감작 안함,,0,구축,,,내구,1,구축,,,기동,1,,
14,14,,대처,R,구축,유니온,X,,X,미획득,스작 안함,호감작 안함,,0,구축,,,내구,1,구축,,,대공,1,,
15,15,,얼릭,N,구축,유니온,X,,X,미획득,스작 안함,호감작 안함,,0,구축,,,내구,1,구축,,,내구,1,,
16,16,,푸트,N,구축,유니온,X,,X,미획득,스작 안함,호감작 안함,,0,구축,,,내구,1,구축,,,내구,1,,
17,17,,스펜스,N,구축,유니온,X,,X,미획득,스작 안함,호감작 안함,,0,구축,,,내구,1,구축,,,내구,1,,
18,18,,벤슨,R,구축,유니온,X,,X,미획득,스작 안함,호감작 안함,,0,구축,,,내구,1,구축,,,대공,1,,
19,19,,라피,SR,구축,유니온,O,X,X,미획득,스작 안함,호감작 안함,,0,구축,,,내구,1,구축,,,포격,1,,
20,26,,심즈,R,구축,유니온,O,X,X,미획득,스작 안함,호감작 안함,,0,구축,,,내구,1,구축,,,대공,1,,
21,27,,허먼,R,구축,유니온,O,X,X,미획득,스작 안함,호감작 안함,,0,구축,,,내구,1,구축,,,대공,1,,
22,28,,엘드릿지,SSR,구축,유니온,O,X,X,미획득,스작 안함,호감작 안함,,0,구축,,,대잠,1,구축,,,대공,1,,
23,29,,오마하,N,경순,유니온,X,,X,미획득,스작 안함,호감작 안함,,0,경순,,,내구,1,경순,,,내구,1,,
24,30,,롤리,N,경순,유니온,X,,X,미획득,스작 안함,호감작 안함,,0,경순,,,내구,1,경순,,,내구,1,,
25,31,,브루클린,R,경순,유니온,X,,X,미획득,스작 안함,호감작 안함,,0,경순,,,내구,1,경순,,,장전,1,,
26,32,,피닉스,R,경순,유니온,X,,X,미획득,스작 안함,호감작 안함,,0,경순,,,내구,1,경순,,,장전,1,,
27,33,,헬레나,SR,경순,유니온,O,X,X,미획득,스작 안함,호감작 안함,,0,경순,,,명중,1,경순,,,포격,1,,
28,34,,애틀란타,R,경순,유니온,X,,X,미획득,스작 안함,호감작 안함,,0,경순,,,내구,1,경순,,,장전,1,,
29,35,,쥬노,R,경순,유니온,O,X,X,미획득,스작 안함,호감작 안함,,0,경순,,,내구,1,경순,,,장전,1,,
30,36,,샌디에이고,SSR,경순,유니온,O,X,X,미획득,스작 안함,호감작 안함,,0,경순,,,대공,1,경순,,,대공,1,,
31,37,,클리블랜드,SR,경순,유니온,X,,X,미획득,스작 안함,호감작 안함,,0,경순,,,대공,1,경순,,,포격,1,,
32,38,,컬럼비아,SR,경순,유니온,X,,X,미획득,스작 안함,호감작 안함,,0,경순,,,대공,1,경순,,,포격,1,,
33,39,,펜사콜라,N,중순,유니온,X,,X,미획득,스작 안함,호감작 안함,,0,중순,대순,모니터,내구,1,중순,대순,모니터,대공,1,,
34,40,,솔트레이크시티,N,중순,유니온,X,,X,미획득,스작 안함,호감작 안함,,0,중순,대순,모니터,내구,1,중순,대순,모니터,대공,1,,
35,41,,노샘프턴,R,중순,유니온,X,,X,미획득,스작 안함,호감작 안함,,0,중순,대순,모니터,내구,1,중순,대순,모니터,대공,1,,
36,42,,시카고,R,중순,유니온,X,,X,미획득,스작 안함,호감작 안함,,0,중순,대순,모니터,내구,1,중순,대순,모니터,대공,1,,
37,43,,휴스턴,SR,중순,유니온,X,,X,미획득,스작 안함,호감작 안함,,0,중순,대순,모니터,내구,1,중순,대순,모니터,기동,1,,
38,44,,포틀랜드,R,중순,유니온,O,X,X,미획득,스작 안함,호감작 안함,,0,중순,대순,모니터,내구,1,중순,대순,모니터,대공,1,,
39,45,,인디애나폴리스,SR,중순,유니온,X,,X,미획득,스작 안함,호감작 안함,,0,중순,대순,모니터,내구,1,중순,대순,모니터,대공,1,,
40,46,,아스토리아,SR,중순,유니온,X,,X,미획득,스작 안함,호감작 안함,,0,중순,대순,모니터,내구,1,중순,대순,모니터,대공,1,,
41,47,,퀸시,SR,중순,유니온,X,,X,미획득,스작 안함,호감작 안함,,0,중순,대순,모니터,내구,1,중순,대순,모니터,대공,1,,
42,48,,빈센스,SR,중순,유니온,X,,X,미획득,스작 안함,호감작 안함,,0,중순,대순,모니터,내구,1,중순,대순,모니터,대공,1,,
43,49,,위치타,SR,중순,유니온,X,,X,미획득,스작 안함,호감작 안함,,0,중순,대순,모니터,내구,1,중순,대순,모니터,포격,1,,
44,50,,볼티모어,SSR,중순,유니온,X,,X,미획득,스작 안함,호감작 안함,,0,중순,대순,모니터,내구,1,중순,대순,모니터,포격,1,,
45,52,,네바다,N,전함,유니온,O,X,X,미획득,스작 안함,호감작 안함,,0,전함,순전,항전,내구,2,전함,순전,항전,장전,1,,
46,53,,오클라호마,N,전함,유니온,O,X,X,미획득,스작 안함,호감작 안함,,0,전함,순전,항전,내구,2,전함,순전,항전,장전,1,,
47,54,,펜실베이니아,R,전함,유니온,X,,X,미획득,스작 안함,호감작 안함,,0,전함,순전,항전,내구,2,전함,순전,항전,장전,1,,
48,55,,애리조나,SR,전함,유니온,X,,X,미획득,스작 안함,호감작 안함,,0,전함,순전,항전,내구,1,전함,순전,항전,내구,2,,
49,58,,테네시,R,전함,유니온,X,,X,미획득,스작 안함,호감작 안함,,0,전함,순전,항전,내구,2,전함,순전,항전,장전,1,,
50,59,,캘리포니아,R,전함,유니온,X,,X,미획득,스작 안함,호감작 안함,,0,전함,순전,항전,내구,2,전함,순전,항전,장전,1,,
51,60,,콜로라도,SR,전함,유니온,O,X,X,미획득,스작 안함,호감작 안함,,0,전함,순전,항전,내구,2,전함,순전,항전,포격,1,,
52,61,,메릴랜드,SR,전함,유니온,O,X,X,미획득,스작 안함,호감작 안함,,0,전함,순전,항전,내구,2,전함,순전,항전,포격,1,,
53,62,,웨스트버지니아,SR,전함,유니온,O,X,X,미획득,스작 안함,호감작 안함,,0,전함,순전,항전,내구,2,전함,순전,항전,포격,1,,
54,63,,노스캐롤라이나,SSR,전함,유니온,X,,X,미획득,스작 안함,호감작 안함,,0,전함,순전,항전,내구,1,전함,순전,항전,대공,2,,
55,64,,워싱턴,SSR,전함,유니온,X,,X,미획득,스작 안함,호감작 안함,,0,전함,순전,항전,내구,1,전함,순전,항전,대공,2,,
56,65,,사우스다코타,SSR,전함,유니온,X,,X,미획득,스작 안함,호감작 안함,,0,전함,순전,항전,내구,1,전함,순전,항전,대공,2,,
57,66,,인디애나,SSR,전함,유니온,X,,X,미획득,스작 안함,호감작 안함,,0,전함,순전,항전,내구,1,전함,순전,항전,대공,2,,
58,68,,뉴저지,UR,전함,유니온,X,,X,미획득,스작 안함,호감작 안함,,0,전함,순전,항전,내구,2,전함,순전,항전,포격,1,,
59,70,,롱 아일랜드,R,경항모,유니온,O,X,X,미획득,스작 안함,호감작 안함,,0,경항모,항모,,대잠,1,경항모,항모,,장전,1,,
60,71,,보그,N,경항모,유니온,O,X,X,미획득,스작 안함,호감작 안함,,0,경항모,,,대잠,1,경항모,,,대잠,1,,
61,72,,랭글리,N,경항모,유니온,O,X,X,미획득,스작 안함,호감작 안함,,0,경항모,,,대잠,1,경항모,항모,,장전,1,,
62,73,,렉싱턴,SR,항모,유니온,X,,X,미획득,스작 안함,호감작 안함,,0,경항모,항모,,내구,2,경항모,항모,,항공,1,,
63,74,,새러토가,SR,항모,유니온,O,X,X,미획득,스작 안함,호감작 안함,,0,경항모,항모,,내구,2,경항모,항모,,항공,1,,
64,75,,레인저,N,경항모,유니온,O,X,X,미획득,스작 안함,호감작 안함,,0,경항모,,,대잠,1,경항모,항모,,항공,1,,
65,76,,요크타운,SR,항모,유니온,X,,X,미획득,스작 안함,호감작 안함,,0,경항모,항모,,내구,2,경항모,항모,,장전,1,,
66,77,,엔터프라이즈,SSR,항모,유니온,X,,X,미획득,스작 안함,호감작 안함,,0,경항모,항모,,내구,1,경항모,항모,,항공,2,,
67,78,,호넷,SR,항모,유니온,X,,X,미획득,스작 안함,호감작 안함,,0,경항모,항모,,내구,2,경항모,항모,,명중,1,,
68,79,,와스프,R,항모,유니온,X,,X,미획득,스작 안함,호감작 안함,,0,경항모,항모,,내구,1,경항모,항모,,장전,1,,
69,80,,베스탈,SR,공작함,유니온,X,,X,미획득,스작 안함,호감작 안함,,0,공작함,,,내구,1,공작함,,,내구,1,,
70,81,,아마존,R,구축,로열,O,X,X,미획득,스작 안함,호감작 안함,,0,구축,,,내구,1,구축,,,대잠,1,,
71,82,,아카스타,R,구축,로열,O,X,X,미획득,스작 안함,호감작 안함,,0,구축,,,내구,1,구축,,,대잠,1,,
72,83,,아덴트,R,구축,로열,O,X,X,미획득,스작 안함,호감작 안함,,0,구축,,,내구,1,구축,,,대잠,1,,
73,86,,비글,N,구축,로열,X,,X,미획득,스작 안함,호감작 안함,,0,구축,,,내구,1,구축,,,내구,1,,
74,87,,불독,N,구축,로열,X,,X,미획득,스작 안함,호감작 안함,,0,구축,,,내구,1,구축,,,내구,1,,
75,88,,코멧,N,구축,로열,O,X,X,미획득,스작 안함,호감작 안함,,0,구축,,,내구,1,구축,,,내구,1,,
76,89,,크레센트,N,구축,로열,O,X,X,미획득,스작 안함,호감작 안함,,0,구축,,,내구,1,구축,,,내구,1,,
77,90,,시그넷,N,구축,로열,O,X,X,미획득,스작 안함,호감작 안함,,0,구축,,,내구,1,구축,,,내구,1,,
78,91,,폭스하운드,N,구축,로열,O,X,X,미획득,스작 안함,호감작 안함,,0,구축,,,내구,1,구축,,,내구,1,,
79,92,,포춘,R,구축,로열,O,X,X,미획득,스작 안함,호감작 안함,,0,구축,,,내구,1,구축,,,대잠,1,,
80,93,,그렌빌,SR,구축,로열,X,,X,미획득,스작 안함,호감작 안함,,0,구축,,,내구,1,구축,,,기동,1,,
81,94,,글로우웜,SR,구축,로열,O,X,X,미획득,스작 안함,호감작 안함,,0,구축,,,내구,1,구축,,,기동,1,,
82,96,,하디,SR,구축,로열,X,,X,미획득,스작 안함,호감작 안함,,0,구축,,,내구,1,구축,,,뇌장,1,,
83,100,,헌터,R,구축,로열,X,,X,미획득,스작 안함,호감작 안함,,0,구축,,,내구,1,구축,,,대잠,1,,
84,101,,재블린,SR,구축,로열,O,X,X,미획득,스작 안함,호감작 안함,,0,구축,,,내구,1,구축,,,기동,1,,
85,102,,주노,R,구축,로열,X,,X,미획득,스작 안함,호감작 안함,,0,구축,,,내구,1,구축,,,대잠,1,,
86,103,,뱀파이어,SR,구축,로열,X,,X,미획득,스작 안함,호감작 안함,,0,구축,,,내구,1,구축,,,뇌장,1,,
87,104,,리엔더,N,경순,로열,O,X,X,미획득,스작 안함,호감작 안함,,0,경순,,,내구,1,경순,,,내구,1,,
88,105,,아킬레스,R,경순,로열,O,X,X,미획득,스작 안함,호감작 안함,,0,경순,,,내구,1,경순,,,대잠,1,,
89,106,,에이잭스,R,경순,로열,O,X,X,미획득,스작 안함,호감작 안함,,0,경순,,,내구,1,경순,,,대잠,1,,
90,107,,다이도,SSR,경순,로열,X,,X,미획득,스작 안함,호감작 안함,,0,경순,,,내구,1,경순,,,대공,2,,
91,110,,사우스햄튼,R,경순,로열,X,,X,미획득,스작 안함,호감작 안함,,0,경순,,,내구,1,경순,,,대잠,1,,
92,111,,셰필드,SR,경순,로열,X,,X,미획득,스작 안함,호감작 안함,,0,경순,,,대잠,1,경순,,,뇌장,1,,
93,112,,맨체스터,SR,경순,로열,X,,X,미획득,스작 안함,호감작 안함,,0,경순,,,내구,1,경순,,,대공,1,,
94,113,,글로스터,SR,경순,로열,X,,X,미획득,스작 안함,호감작 안함,,0,경순,,,내구,1,경순,,,대공,1,,
95,114,,에든버러,SR,경순,로열,X,,X,미획득,스작 안함,호감작 안함,,0,경순,,,내구,1,경순,,,뇌장,1,,
96,115,,벨파스트,SSR,경순,로열,X,,X,미획득,스작 안함,호감작 안함,,0,경순,,,대공,1,경순,,,포격,1,,
97,116,,아레투사,R,경순,로열,X,,X,미획득,스작 안함,호감작 안함,,0,경순,,,내구,1,경순,,,대잠,1,,
98,117,,갈라테아,R,경순,로열,X,,X,미획득,스작 안함,호감작 안함,,0,경순,,,내구,1,경순,,,대잠,1,,
99,118,,오로라,SR,경순,로열,X,,X,미획득,스작 안함,호감작 안함,,0,경순,,,명중,1,경순,,,뇌장,1,,
100,119,,런던,SR,중순,로열,O,X,X,미획득,스작 안함,호감작 안함,,0,중순,대순,모니터,내구,1,중순,대순,모니터,명중,1,,
101,120,,슈롭셔,R,중순,로열,O,X,X,미획득,스작 안함,호감작 안함,,0,중순,대순,모니터,내구,1,중순,대순,모니터,장전,1,,
102,121,,켄트,R,중순,로열,X,,X,미획득,스작 안함,호감작 안함,,0,중순,대순,모니터,내구,1,중순,대순,모니터,장전,1,,
103,122,,서포크,R,중순,로열,O,X,X,미획득,스작 안함,호감작 안함,,0,중순,대순,모니터,내구,1,중순,대순,모니터,장전,1,,
104,123,,노포크,R,중순,로열,X,,X,미획득,스작 안함,호감작 안함,,0,중순,대순,모니터,내구,1,중순,대순,모니터,장전,1,,
105,124,,도셋셔,SR,중순,로열,X,,X,미획득,스작 안함,호감작 안함,,0,중순,대순,모니터,내구,1,중순,대순,모니터,뇌장,1,,
106,125,,요크,SR,중순,로열,O,X,X,미획득,스작 안함,호감작 안함,,0,중순,대순,모니터,내구,1,중순,대순,모니터,뇌장,1,,
107,126,,엑세터,SR,중순,로열,O,X,X,미획득,스작 안함,호감작 안함,,0,중순,대순,모니터,내구,1,중순,대순,모니터,뇌장,1,,
108,127,,리나운,SR,순전,로열,X,,X,미획득,스작 안함,호감작 안함,,0,전함,순전,항전,내구,1,,순전,,기동,1,,
109,128,,리펄스,R,순전,로열,X,,X,미획득,스작 안함,호감작 안함,,0,전함,순전,항전,내구,1,,순전,,기동,1,,
110,129,,후드,SSR,순전,로열,X,,X,미획득,스작 안함,호감작 안함,,0,전함,순전,항전,내구,1,,순전,,기동,1,,
111,130,,퀸 엘리자베스,SR,전함,로열,X,,X,미획득,스작 안함,호감작 안함,,0,전함,순전,항전,내구,2,전함,순전,항전,명중,1,,
112,131,,워스파이트,SSR,전함,로열,O,X,X,미획득,스작 안함,호감작 안함,,0,전함,순전,항전,내구,1,전함,순전,항전,명중,2,,
113,132,,넬슨,SR,전함,로열,O,X,X,미획득,스작 안함,호감작 안함,,0,전함,순전,항전,내구,2,전함,순전,항전,포격,1,,
114,133,,로드니,SR,전함,로열,X,,X,미획득,스작 안함,호감작 안함,,0,전함,순전,항전,내구,2,전함,순전,항전,포격,1,,
115,134,,킹 조지 5세,SSR,전함,로열,X,,X,미획득,스작 안함,호감작 안함,,0,전함,순전,항전,대공,2,전함,순전,항전,포격,1,,
116,135,,프린스 오브 웨일즈,SSR,전함,로열,X,,X,미획득,스작 안함,호감작 안함,,0,전함,순전,항전,내구,2,전함,순전,항전,포격,1,,
117,136,,듀크 오브 요크,SSR,전함,로열,X,,X,미획득,스작 안함,호감작 안함,,0,전함,순전,항전,내구,1,전함,순전,항전,장전,2,,
118,137,,뱅가드,UR,전함,로열,X,,X,미획득,스작 안함,호감작 안함,,0,전함,순전,항전,내구,2,전함,순전,항전,명중,1,,
119,138,,라이온,UR,전함,로열,X,,X,미획득,스작 안함,호감작 안함,,0,전함,순전,항전,내구,2,전함,순전,항전,포격,1,,
120,140,,허미즈,N,경항모,로열,O,X,X,미획득,스작 안함,호감작 안함,,0,경항모,,,대잠,1,경항모,,,대잠,1,,
121,142,,유니콘,SR,경항모,로열,O,X,X,미획득,스작 안함,호감작 안함,,0,경항모,,,대잠,1,경항모,항모,,장전,1,,
122,143,,이글,SR,항모,로열,X,,X,미획득,스작 안함,호감작 안함,,0,경항모,항모,,내구,1,경항모,항모,,항공,1,,
123,144,,아크 로열,SR,항모,로열,O,X,X,미획득,스작 안함,호감작 안함,,0,경항모,항모,,내구,1,경항모,항모,,명중,2,,
124,145,,일러스트리어스,SSR,항모,로열,X,,X,미획득,스작 안함,호감작 안함,,0,경항모,항모,,내구,2,경항모,항모,,대공,1,,
125,146,,빅토리어스,SSR,항모,로열,X,,X,미획득,스작 안함,호감작 안함,,0,경항모,항모,,내구,2,경항모,항모,,대공,1,,
126,147,,포미더블,SSR,항모,로열,X,,X,미획득,스작 안함,호감작 안함,,0,경항모,항모,,내구,2,경항모,항모,,대공,1,,
127,148,,글로리어스,SR,항모,로열,X,,X,미획득,스작 안함,호감작 안함,,0,경항모,항모,,내구,2,경항모,항모,,장전,1,,
128,149,,에레버스,SR,모니터,로열,X,,X,미획득,스작 안함,호감작 안함,,0,중순,대순,모니터,내구,1,중순,대순,모니터,장전,1,,
129,150,,테러,SR,모니터,로열,X,,X,미획득,스작 안함,호감작 안함,,0,중순,대순,모니터,내구,1,중순,대순,모니터,장전,1,,
130,151,,후부키,SR,구축,중앵,X,,X,미획득,스작 안함,호감작 안함,,0,구축,,,내구,1,구축,,,뇌장,1,,
131,152,,시라유키,SR,구축,중앵,X,,X,미획득,스작 안함,호감작 안함,,0,구축,,,내구,1,구축,,,대잠,1,,
132,154,,미유키,SR,구축,중앵,X,,X,미획득,스작 안함,호감작 안함,,0,구축,,,내구,1,구축,,,대잠,1,,
133,155,,아야나미,SR,구축,중앵,O,X,X,미획득,스작 안함,호감작 안함,,0,구축,,,내구,1,구축,,,뇌장,1,,
134,159,,아카츠키,R,구축,중앵,X,,X,미획득,스작 안함,호감작 안함,,0,구축,,,내구,1,구축,,,명중,1,,
135,160,,히비키,SR,구축,중앵,X,,X,미획득,스작 안함,호감작 안함,,0,구축,,,내구,1,구축,,,명중,1,,
136,161,,이카즈치,R,구축,중앵,X,,X,미획득,스작 안함,호감작 안함,,0,구축,,,내구,1,구축,,,명중,1,,
137,162,,이나즈마,R,구축,중앵,X,,X,미획득,스작 안함,호감작 안함,,0,구축,,,내구,1,구축,,,명중,1,,
138,163,,시라츠유,R,구축,중앵,O,X,X,미획득,스작 안함,호감작 안함,,0,구축,,,내구,1,구축,,,장전,1,,
139,164,,유다치,SSR,구축,중앵,O,X,X,미획득,스작 안함,호감작 안함,,0,구축,,,포격,1,구축,,,뇌장,1,,
140,165,,시구레,SR,구축,중앵,O,X,X,미획득,스작 안함,호감작 안함,,0,구축,,,내구,1,구축,,,뇌장,1,,
141,166,,유키카제,SSR,구축,중앵,X,,X,미획득,스작 안함,호감작 안함,,0,구축,,,기동,1,구축,,,뇌장,1,,
142,167,,카게로,R,구축,중앵,O,X,X,미획득,스작 안함,호감작 안함,,0,구축,,,내구,1,구축,,,장전,1,,
143,168,,시라누이,N,구축,중앵,O,X,X,미획득,스작 안함,호감작 안함,,0,구축,,,내구,1,구축,,,내구,1,,
144,170,,노와키,SR,구축,중앵,X,,X,미획득,스작 안함,호감작 안함,,0,구축,,,내구,1,구축,,,뇌장,1,,
145,171,,하츠하루,R,구축,중앵,O,X,X,미획득,스작 안함,호감작 안함,,0,구축,,,내구,1,구축,,,장전,1,,
146,173,,와카바,R,구축,중앵,X,,X,미획득,스작 안함,호감작 안함,,0,구축,,,내구,1,구축,,,장전,1,,
147,174,,하츠시모,R,구축,중앵,O,X,X,미획득,스작 안함,호감작 안함,,0,구축,,,내구,1,구축,,,장전,1,,
148,175,,아리아케,R,구축,중앵,O,X,X,미획득,스작 안함,호감작 안함,,0,구축,,,내구,1,구축,,,장전,1,,
149,176,,유구레,R,구축,중앵,O,X,X,미획득,스작 안함,호감작 안함,,0,구축,,,내구,1,구축,,,장전,1,,
150,177,,쿠로시오,R,구축,중앵,X,,X,미획득,스작 안함,호감작 안함,,0,구축,,,내구,1,구축,,,장전,1,,
151,178,,오야시오,R,구축,중앵,X,,X,미획득,스작 안함,호감작 안함,,0,구축,,,내구,1,구축,,,장전,1,,
152,179,,유바리,SR,경순,중앵,O,X,X,미획득,스작 안함,호감작 안함,,0,경순,,,장전,1,경순,,,뇌장,1,,
153,182,,나가라,N,경순,중앵,X,,X,미획득,스작 안함,호감작 안함,,0,경순,,,내구,1,경순,,,내구,1,,
154,183,,이스즈,R,경순,중앵,O,X,X,미획득,스작 안함,호감작 안함,,0,경순,,,대공,1,경순,,,대공,1,,
155,184,,나토리,SR,경순,중앵,X,,X,미획득,스작 안함,호감작 안함,,0,경순,,,내구,1,경순,,,기동,1,,
156,185,,유라,SR,경순,중앵,X,,X,미획득,스작 안함,호감작 안함,,0,경순,,,내구,1,경순,,,뇌장,1,,
157,186,,키누,SR,경순,중앵,O,X,X,미획득,스작 안함,호감작 안함,,0,경순,,,내구,1,경순,,,뇌장,1,,
158,187,,아부쿠마,N,경순,중앵,O,X,X,미획득,스작 안함,호감작 안함,,0,경순,,,내구,1,경순,,,뇌장,1,,
159,188,,모가미,SR,경순,중앵,O,X,X,미획득,스작 안함,호감작 안함,,0,경순,,,뇌장,1,경순,,,포격,1,,
160,189,,미쿠마,SR,경순,중앵,X,,X,미획득,스작 안함,호감작 안함,,0,경순,,,장전,1,경순,,,포격,1,,
161,190,,후루타카,N,중순,중앵,O,X,X,미획득,스작 안함,호감작 안함,,0,중순,대순,모니터,내구,1,중순,대순,모니터,내구,1,,
162,191,,카코,N,중순,중앵,O,X,X,미획득,스작 안함,호감작 안함,,0,중순,대순,모니터,내구,1,중순,대순,모니터,내구,1,,
163,192,,아오바,N,중순,중앵,X,,X,미획득,스작 안함,호감작 안함,,0,중순,대순,모니터,내구,1,중순,대순,모니터,내구,1,,
164,193,,키누가사,N,중순,중앵,X,,X,미획득,스작 안함,호감작 안함,,0,중순,대순,모니터,내구,1,중순,대순,모니터,내구,1,,
165,195,,치쿠마,SSR,중순,중앵,X,,X,미획득,스작 안함,호감작 안함,,0,중순,대순,모니터,내구,1,중순,대순,모니터,포격,1,,
166,196,,묘코,R,중순,중앵,X,,X,미획득,스작 안함,호감작 안함,,0,중순,대순,모니터,내구,1,중순,대순,모니터,내구,1,,
167,197,,나치,R,중순,중앵,O,X,X,미획득,스작 안함,호감작 안함,,0,중순,대순,모니터,내구,1,중순,대순,모니터,내구,1,,
168,198,,아시가라,SR,중순,중앵,X,,X,미획득,스작 안함,호감작 안함,,0,중순,대순,모니터,내구,1,중순,대순,모니터,뇌장,1,,
169,199,,하구로,SR,중순,중앵,X,,X,미획득,스작 안함,호감작 안함,,0,중순,대순,모니터,내구,1,중순,대순,모니터,기동,1,,
170,200,,타카오,SSR,중순,중앵,X,,X,미획득,스작 안함,호감작 안함,,0,중순,대순,모니터,내구,1,중순,대순,모니터,뇌장,1,,
171,201,,아타고,SSR,중순,중앵,X,,X,미획득,스작 안함,호감작 안함,,0,중순,대순,모니터,내구,1,중순,대순,모니터,뇌장,1,,
172,202,,마야,SSR,중순,중앵,X,,X,미획득,스작 안함,호감작 안함,,0,중순,대순,모니터,내구,1,중순,대순,모니터,뇌장,1,,
173,203,,초카이,SSR,중순,중앵,X,,X,미획득,스작 안함,호감작 안함,,0,중순,대순,모니터,내구,1,중순,대순,모니터,대공,1,,
174,204,,콘고,SR,순전,중앵,X,,X,미획득,스작 안함,호감작 안함,,0,전함,순전,항전,내구,1,,순전,,기동,1,,
175,205,,히에이,SR,순전,중앵,X,,X,미획득,스작 안함,호감작 안함,,0,전함,순전,항전,내구,1,,순전,,기동,1,,
176,206,,하루나,SR,순전,중앵,X,,X,미획득,스작 안함,호감작 안함,,0,전함,순전,항전,내구,1,,순전,,기동,1,,
177,207,,키리시마,SR,순전,중앵,X,,X,미획득,스작 안함,호감작 안함,,0,전함,순전,항전,내구,1,,순전,,기동,1,,
178,208,,후소,R,전함,중앵,O,X,X,미획득,스작 안함,호감작 안함,,0,전함,순전,항전,내구,2,전함,순전,항전,장전,1,,
179,209,,야마시로,R,전함,중앵,O,X,X,미획득,스작 안함,호감작 안함,,0,전함,순전,항전,내구,2,전함,순전,항전,장전,1,,
180,210,,이세,R,전함,중앵,O,X,X,미획득,스작 안함,호감작 안함,,0,전함,순전,항전,내구,2,전함,순전,항전,장전,1,,
181,211,,휴가,R,전함,중앵,O,X,X,미획득,스작 안함,호감작 안함,,0,전함,순전,항전,내구,2,전함,순전,항전,장전,1,,
182,212,,나가토,SSR,전함,중앵,X,,X,미획득,스작 안함,호감작 안함,,0,전함,순전,항전,내구,2,전함,순전,항전,포격,1,,
183,213,,무츠,SR,전함,중앵,X,,X,미획득,스작 안함,호감작 안함,,0,전함,순전,항전,내구,2,전함,순전,항전,포격,1,,
184,214,,키이,SSR,전함,중앵,X,,X,미획득,스작 안함,호감작 안함,,0,전함,순전,항전,내구,1,전함,순전,항전,포격,2,,
185,215,,토사,SSR,전함,중앵,X,,X,미획득,스작 안함,호감작 안함,,0,전함,순전,항전,내구,2,전함,순전,항전,포격,1,,
186,217,,무사시,UR,전함,중앵,X,,X,미획득,스작 안함,호감작 안함,,0,전함,순전,항전,내구,2,전함,순전,항전,포격,1,,
187,218,,히요,R,경항모,중앵,X,,X,미획득,스작 안함,호감작 안함,,0,경항모,,,대잠,1,경항모,항모,,장전,1,,
188,219,,준요,R,경항모,중앵,X,,X,미획득,스작 안함,호감작 안함,,0,경항모,,,대잠,1,경항모,항모,,장전,1,,
189,220,,호쇼,SR,경항모,중앵,X,,X,미획득,스작 안함,호감작 안함,,0,경항모,,,대잠,1,경항모,항모,,장전,1,,
190,221,,즈이호,SSR,경항모,중앵,X,,X,미획득,스작 안함,호감작 안함,,0,경항모,,,대잠,1,경항모,항모,,명중,2,,
191,222,,쇼호,R,경항모,중앵,O,X,X,미획득,스작 안함,호감작 안함,,0,경항모,,,대잠,1,경항모,항모,,장전,1,,
192,223,,류조,SR,경항모,중앵,X,,X,미획득,스작 안함,호감작 안함,,0,경항모,,,대잠,1,경항모,항모,,장전,1,,
193,224,,아카기,SSR,항모,중앵,X,,X,미획득,스작 안함,호감작 안함,,0,경항모,항모,,내구,2,경항모,항모,,항공,1,,
194,225,,카가,SSR,항모,중앵,X,,X,미획득,스작 안함,호감작 안함,,0,경항모,항모,,내구,2,경항모,항모,,항공,1,,
195,226,,소류,SR,항모,중앵,O,X,X,미획득,스작 안함,호감작 안함,,0,경항모,항모,,내구,1,경항모,항모,,장전,2,,
196,227,,히류,SR,항모,중앵,O,X,X,미획득,스작 안함,호감작 안함,,0,경항모,항모,,내구,1,경항모,항모,,명중,2,,
197,228,,쇼카쿠,SSR,항모,중앵,X,,X,미획득,스작 안함,호감작 안함,,0,경항모,항모,,내구,1,경항모,항모,,항공,2,,
198,229,,즈이카쿠,SSR,항모,중앵,X,,X,미획득,스작 안함,호감작 안함,,0,경항모,항모,,내구,1,경항모,항모,,항공,2,,
199,230,,다이호,SSR,항모,중앵,X,,X,미획득,스작 안함,호감작 안함,,0,경항모,항모,,내구,2,경항모,항모,,항공,1,,
200,231,,시나노,UR,항모,중앵,X,,X,미획득,스작 안함,호감작 안함,,0,경항모,항모,,내구,2,경항모,항모,,항공,1,,
201,232,,아카시,SSR,공작함,중앵,X,,X,미획득,스작 안함,호감작 안함,,0,공작함,,,내구,1,공작함,,,내구,1,,
202,233,,Z1,SR,구축,철혈,O,X,X,미획득,스작 안함,호감작 안함,,0,구축,,,내구,1,구축,,,포격,1,,
203,236,,Z23,SR,구축,철혈,O,X,X,미획득,스작 안함,호감작 안함,,0,구축,,,내구,1,구축,,,포격,1,,
204,237,,Z25,SR,구축,철혈,X,,X,미획득,스작 안함,호감작 안함,,0,구축,,,내구,1,구축,,,포격,1,,
205,238,,쾨니히스베르크,N,경순,철혈,X,,X,미획득,스작 안함,호감작 안함,,0,경순,,,내구,1,경순,,,내구,1,,
206,239,,카를스루에,N,경순,철혈,O,X,X,미획득,스작 안함,호감작 안함,,0,경순,,,내구,1,경순,,,내구,1,,
207,240,,쾰른,N,경순,철혈,O,X,X,미획득,스작 안함,호감작 안함,,0,경순,,,내구,1,경순,,,내구,1,,
208,241,,라이프치히,R,경순,철혈,O,X,X,미획득,스작 안함,호감작 안함,,0,경순,,,내구,1,경순,,,포격,1,,
209,242,,아드미랄 히퍼,SR,중순,철혈,X,,X,미획득,스작 안함,호감작 안함,,0,중순,대순,모니터,내구,1,중순,대순,모니터,내구,1,,
210,243,,블뤼허,SSR,중순,철혈,X,,X,미획득,스작 안함,호감작 안함,,0,중순,대순,모니터,내구,1,중순,대순,모니터,포격,1,,
211,244,,프린츠 오이겐,SSR,중순,철혈,X,,X,미획득,스작 안함,호감작 안함,,0,중순,대순,모니터,내구,1,중순,대순,모니터,내구,1,,
212,245,,도이칠란트,SR,중순,철혈,X,,X,미획득,스작 안함,호감작 안함,,0,중순,대순,모니터,내구,1,중순,대순,모니터,포격,1,,
213,246,,아드미랄 그라프 슈피,SR,중순,철혈,X,,X,미획득,스작 안함,호감작 안함,,0,중순,대순,모니터,내구,1,중순,대순,모니터,포격,1,,
214,248,,샤른호르스트,SR,순전,철혈,X,,X,미획득,스작 안함,호감작 안함,,0,전함,순전,항전,내구,1,,순전,,기동,1,,
215,249,,그나이제나우,SR,순전,철혈,X,,X,미획득,스작 안함,호감작 안함,,0,전함,순전,항전,내구,1,,순전,,기동,1,,
216,250,,비스마르크,SSR,전함,철혈,X,,X,미획득,스작 안함,호감작 안함,,0,전함,순전,항전,내구,1,전함,순전,항전,포격,2,,
217,251,,티르피츠,SSR,전함,철혈,X,,X,미획득,스작 안함,호감작 안함,,0,전함,순전,항전,내구,1,전함,순전,항전,포격,2,,
218,252,,그라프 체펠린,SSR,항모,철혈,X,,X,미획득,스작 안함,호감작 안함,,0,경항모,항모,,내구,2,경항모,항모,,대공,1,,
219,253,,안샨,SR,구축,동황,O,X,X,미획득,스작 안함,호감작 안함,,0,구축,,,내구,1,구축,,,포격,1,,
220,254,,푸슌,SR,구축,동황,O,X,X,미획득,스작 안함,호감작 안함,,0,구축,,,내구,1,구축,,,포격,1,,
221,255,,창춘,SR,구축,동황,O,X,X,미획득,스작 안함,호감작 안함,,0,구축,,,내구,1,구축,,,포격,1,,
222,256,,타이위안,SR,구축,동황,O,X,X,미획득,스작 안함,호감작 안함,,0,구축,,,내구,1,구축,,,포격,1,,
223,257,,얏센,SR,경순,동황,O,X,X,미획득,스작 안함,호감작 안함,,0,경순,,,장전,1,경순,,,장전,1,,
224,258,,닝하이,SR,경순,동황,O,X,X,미획득,스작 안함,호감작 안함,,0,경순,,,장전,1,경순,,,장전,1,,
225,259,,핑하이,SR,경순,동황,O,X,X,미획득,스작 안함,호감작 안함,,0,경순,,,장전,1,경순,,,장전,1,,
226,262,,아브로라,SSR,경순,노스유니온,X,,X,미획득,스작 안함,호감작 안함,,0,경순,,,명중,1,경순,,,포격,1,,
227,263,,베일리,R,구축,유니온,O,X,X,미획득,스작 안함,호감작 안함,,0,구축,,,내구,1,구축,,,대공,1,,
228,264,,Z19,R,구축,철혈,X,,X,미획득,스작 안함,호감작 안함,,0,구축,,,내구,1,구축,,,장전,1,,
229,265,,Z20,N,구축,철혈,X,,X,미획득,스작 안함,호감작 안함,,0,구축,,,내구,1,구축,,,내구,1,,
230,266,,Z21,N,구축,철혈,X,,X,미획득,스작 안함,호감작 안함,,0,구축,,,내구,1,구축,,,내구,1,,
231,267,,Z46,SSR,구축,철혈,X,,X,미획득,스작 안함,호감작 안함,,0,구축,,,대공,1,구축,,,포격,1,,
232,268,,시마카제,UR,구축,중앵,X,,X,미획득,스작 안함,호감작 안함,,0,구축,,,내구,1,구축,,,뇌장,2,,
233,269,,카미카제,R,구축,중앵,O,X,X,미획득,스작 안함,호감작 안함,,0,구축,,,내구,1,구축,,,장전,1,,
234,270,,마츠카제,R,구축,중앵,O,X,X,미획득,스작 안함,호감작 안함,,0,구축,,,내구,1,구축,,,장전,1,,
235,271,,무츠키,N,구축,중앵,O,X,X,미획득,스작 안함,호감작 안함,,0,구축,,,내구,1,구축,,,내구,1,,
236,272,,키사라기,N,구축,중앵,O,X,X,미획득,스작 안함,호감작 안함,,0,구축,,,내구,1,구축,,,내구,1,,
237,274,,우즈키,N,구축,중앵,X,,X,미획득,스작 안함,호감작 안함,,0,구축,,,내구,1,구축,,,내구,1,,
238,276,,미나즈키,N,구축,중앵,X,,X,미획득,스작 안함,호감작 안함,,0,구축,,,내구,1,구축,,,내구,1,,
239,277,,후미즈키,R,구축,중앵,X,,X,미획득,스작 안함,호감작 안함,,0,구축,,,내구,1,구축,,,장전,1,,
240,278,,나가츠키,R,구축,중앵,X,,X,미획득,스작 안함,호감작 안함,,0,구축,,,내구,1,구축,,,내구,1,,
241,280,,미카즈키,N,구축,중앵,X,,X,미획득,스작 안함,호감작 안함,,0,구축,,,내구,1,구축,,,내구,1,,
242,286,,우미카제,SR,구축,중앵,X,,X,미획득,스작 안함,호감작 안함,,0,구축,,,내구,1,구축,,,뇌장,1,,
243,287,,야마카제,SR,구축,중앵,X,,X,미획득,스작 안함,호감작 안함,,0,구축,,,내구,1,구축,,,뇌장,1,,
244,288,,카와카제,SSR,구축,중앵,X,,X,미획득,스작 안함,호감작 안함,,0,구축,,,명중,1,구축,,,뇌장,1,,
245,293,,키요나미,R,구축,중앵,X,,X,미획득,스작 안함,호감작 안함,,0,구축,,,내구,1,구축,,,장전,1,,
246,295,,니이즈키,SR,구축,중앵,X,,X,미획득,스작 안함,호감작 안함,,0,구축,,,내구,1,구축,,,대공,1,,
247,296,,하루츠키,SR,구축,중앵,X,,X,미획득,스작 안함,호감작 안함,,0,구축,,,내구,1,구축,,,대공,1,,
248,297,,요이즈키,SR,구축,중앵,X,,X,미획득,스작 안함,호감작 안함,,0,구축,,,내구,1,구축,,,대공,1,,
249,299,,래드포드,R,구축,유니온,X,,X,미획득,스작 안함,호감작 안함,,0,구축,,,내구,1,구축,,,대공,1,,
250,300,,젠킨스,R,구축,유니온,X,,X,미획득,스작 안함,호감작 안함,,0,구축,,,내구,1,구축,,,대공,1,,
251,301,,니콜라스,SR,구축,유니온,O,X,X,미획득,스작 안함,호감작 안함,,0,구축,,,내구,1,구축,,,포격,1,,
252,303,,리치몬드,N,경순,유니온,X,,X,미획득,스작 안함,호감작 안함,,0,경순,,,내구,1,경순,,,내구,1,,
253,304,,호놀룰루,R,경순,유니온,X,,X,미획득,스작 안함,호감작 안함,,0,경순,,,내구,1,경순,,,장전,1,,
254,305,,세인트루이스,SR,경순,유니온,X,,X,미획득,스작 안함,호감작 안함,,0,경순,,,내구,1,경순,,,명중,1,,
255,306,,주피터,R,구축,로열,X,,X,미획득,스작 안함,호감작 안함,,0,구축,,,내구,1,구축,,,대잠,1,,
256,307,,저지,R,구축,로열,X,,X,미획득,스작 안함,호감작 안함,,0,구축,,,내구,1,구축,,,대잠,1,,
257,308,,센다이,R,경순,중앵,O,X,X,미획득,스작 안함,호감작 안함,,0,경순,,,내구,1,경순,,,뇌장,1,,
258,309,,진츠,SR,경순,중앵,O,X,X,미획득,스작 안함,호감작 안함,,0,경순,,,명중,1,경순,,,뇌장,1,,
259,310,,나카,R,경순,중앵,X,,X,미획득,스작 안함,호감작 안함,,0,경순,,,내구,1,경순,,,뇌장,1,,
260,316,,우라카제,R,구축,중앵,X,,X,미획득,스작 안함,호감작 안함,,0,구축,,,내구,1,구축,,,명중,1,,
261,317,,이소카제,R,구축,중앵,X,,X,미획득,스작 안함,호감작 안함,,0,구축,,,내구,1,구축,,,명중,1,,
262,318,,하마카제,R,구축,중앵,O,X,X,미획득,스작 안함,호감작 안함,,0,구축,,,내구,1,구축,,,명중,1,,
263,319,,타니카제,R,구축,중앵,O,X,X,미획득,스작 안함,호감작 안함,,0,구축,,,내구,1,구축,,,명중,1,,
264,320,,미카사,SSR,전함,중앵,X,,X,미획득,스작 안함,호감작 안함,,0,전함,순전,항전,내구,1,전함,순전,항전,명중,1,,
265,321,,아가노,SR,경순,중앵,X,,X,미획득,스작 안함,호감작 안함,,0,경순,,,대공,1,경순,,,뇌장,1,,
266,322,,노시로,SSR,경순,중앵,X,,X,미획득,스작 안함,호감작 안함,,0,경순,,,뇌장,1,경순,,,대공,1,,
267,324,,사카와,SSR,경순,중앵,X,,X,미획득,스작 안함,호감작 안함,,0,경순,,,뇌장,1,경순,,,대공,1,,
268,325,,매치리스,SR,구축,로열,X,,X,미획득,스작 안함,호감작 안함,,0,구축,,,내구,1,구축,,,기동,1,,
269,326,,머스킷티어,SR,구축,로열,X,,X,미획득,스작 안함,호감작 안함,,0,구축,,,내구,1,구축,,,기동,1,,
270,327,,피지,R,경순,로열,X,,X,미획득,스작 안함,호감작 안함,,0,경순,,,내구,1,경순,,,대잠,1,,
271,328,,자메이카,R,경순,로열,X,,X,미획득,스작 안함,호감작 안함,,0,경순,,,내구,1,경순,,,대잠,1,,
272,329,,덴버,SR,경순,유니온,X,,X,미획득,스작 안함,호감작 안함,,0,경순,,,대공,1,경순,,,포격,1,,
273,330,,몬트필리어,SSR,경순,유니온,X,,X,미획득,스작 안함,호감작 안함,,0,경순,,,대공,1,경순,,,포격,1,,
274,331,,아사시오,R,구축,중앵,X,,X,미획득,스작 안함,호감작 안함,,0,구축,,,내구,1,구축,,,명중,1,,
275,332,,오오시오,R,구축,중앵,X,,X,미획득,스작 안함,호감작 안함,,0,구축,,,내구,1,구축,,,명중,1,,
276,333,,미치시오,R,구축,중앵,X,,X,미획득,스작 안함,호감작 안함,,0,구축,,,내구,1,구축,,,명중,1,,
277,334,,아라시오,R,구축,중앵,X,,X,미획득,스작 안함,호감작 안함,,0,구축,,,내구,1,구축,,,명중,1,,
278,335,,꼬마 벨파스트,SR,경순,로열,X,,X,미획득,스작 안함,호감작 안함,꼬마,0,,,,,0,,,,,0,,
279,336,,애버크롬비,SR,모니터,로열,X,,X,미획득,스작 안함,호감작 안함,,0,중순,대순,모니터,내구,1,중순,대순,모니터,장전,1,,
280,337,,서식스,R,중순,로열,X,,X,미획득,스작 안함,호감작 안함,,0,중순,대순,모니터,내구,1,중순,대순,모니터,장전,1,,
281,338,,이19,SSR,잠수,중앵,X,,X,미획득,스작 안함,호감작 안함,,0,잠수함,잠수항모,,명중,1,잠수함,잠수항모,,뇌장,2,,
282,339,,이26,SR,잠수,중앵,X,,X,미획득,스작 안함,호감작 안함,,0,잠수함,잠수항모,,내구,2,잠수함,잠수항모,,뇌장,1,,
283,340,,이58,SR,잠수,중앵,X,,X,미획득,스작 안함,호감작 안함,,0,잠수함,잠수항모,,내구,2,잠수함,잠수항모,,뇌장,1,,
284,341,,U-81,SSR,잠수,철혈,X,,X,미획득,스작 안함,호감작 안함,,0,잠수함,잠수항모,,명중,1,잠수함,잠수항모,,뇌장,2,,
285,342,,데이스,SR,잠수,유니온,X,,X,미획득,스작 안함,호감작 안함,,0,잠수함,잠수항모,,내구,2,잠수함,잠수항모,,뇌장,1,,
286,343,,U-47,SSR,잠수,철혈,X,,X,미획득,스작 안함,호감작 안함,,0,잠수함,잠수항모,,명중,1,잠수함,잠수항모,,뇌장,2,,
287,344,,U-557,SR,잠수,철혈,X,,X,미획득,스작 안함,호감작 안함,,0,잠수함,잠수항모,,기동,2,잠수함,잠수항모,,뇌장,1,,
288,345,,Z35,SR,구축,철혈,X,,X,미획득,스작 안함,호감작 안함,,0,구축,,,내구,1,구축,,,포격,1,,
289,346,,Z18,R,구축,철혈,X,,X,미획득,스작 안함,호감작 안함,,0,구축,,,내구,1,구축,,,장전,1,,
290,347,,르 트리옹팡,SSR,구축,아이리스,X,,X,미획득,스작 안함,호감작 안함,,0,구축,,,기동,1,구축,,,포격,1,,
291,348,,포르뱅,R,구축,아이리스,O,X,X,미획득,스작 안함,호감작 안함,,0,구축,,,내구,1,구축,,,기동,1,,
292,349,,에밀 베르탱,SR,경순,아이리스,O,X,X,미획득,스작 안함,호감작 안함,,0,경순,,,뇌장,1,경순,,,기동,1,,
293,350,,쉬르쿠프,SR,잠수,아이리스,X,,X,미획득,스작 안함,호감작 안함,,0,잠수함,잠수항모,,포격,1,잠수함,잠수항모,,뇌장,2,,
294,351,,르 마르스,R,구축,비시아,O,X,X,미획득,스작 안함,호감작 안함,,0,구축,,,내구,1,구축,,,기동,1,,
295,352,,됭케르크,SR,순전,비시아,X,,X,미획득,스작 안함,호감작 안함,,0,전함,순전,항전,내구,1,,순전,,기동,1,,
296,353,,장 바르,SSR,전함,비시아,X,,X,미획득,스작 안함,호감작 안함,,0,전함,순전,항전,내구,1,전함,순전,항전,포격,2,,
297,354,,매사추세츠,SSR,전함,유니온,X,,X,미획득,스작 안함,호감작 안함,,0,전함,순전,항전,내구,1,전함,순전,항전,명중,2,,
298,355,,부시,R,구축,유니온,X,,X,미획득,스작 안함,호감작 안함,,0,구축,,,내구,1,구축,,,대공,1,,
299,356,,센토,SSR,경항모,로열,X,,X,미획득,스작 안함,호감작 안함,,0,경항모,항모,,명중,2,경항모,항모,,항공,1,,
300,357,,에식스,SSR,항모,유니온,O,X,X,미획득,스작 안함,호감작 안함,,0,경항모,항모,,내구,1,경항모,항모,,항공,2,,
301,358,,알바코어,SSR,잠수,유니온,X,,X,미획득,스작 안함,호감작 안함,,0,잠수함,잠수항모,,명중,1,잠수함,잠수항모,,뇌장,2,,
302,359,,르 테메레르,SR,구축,아이리스,X,,X,미획득,스작 안함,호감작 안함,,0,구축,,,내구,1,구축,,,기동,1,,
303,360,,멤피스,R,경순,유니온,X,,X,미획득,스작 안함,호감작 안함,,0,경순,,,내구,1,경순,,,장전,1,,
304,361,,뉴캐슬,R,경순,로열,O,X,X,미획득,스작 안함,호감작 안함,,0,경순,,,내구,1,경순,,,대잠,1,,
305,362,,하비,R,구축,유니온,X,,X,미획득,스작 안함,호감작 안함,,0,구축,,,내구,1,구축,,,대공,1,,
306,363,,커크,R,구축,유니온,X,,X,미획득,스작 안함,호감작 안함,,0,구축,,,내구,1,구축,,,대공,1,,
307,364,,미니애폴리스,SSR,중순,유니온,X,,X,미획득,스작 안함,호감작 안함,,0,중순,대순,모니터,내구,1,중순,대순,모니터,포격,1,,
308,365,,헤이즐우드,R,구축,유니온,X,,X,미획득,스작 안함,호감작 안함,,0,구축,,,내구,1,구축,,,대공,1,,
309,366,,콩코드,R,경순,유니온,X,,X,미획득,스작 안함,호감작 안함,,0,경순,,,내구,1,경순,,,장전,1,,
310,367,,아마기,SSR,순전,중앵,X,,X,미획득,스작 안함,호감작 안함,,0,전함,순전,항전,내구,1,전함,순전,항전,포격,1,,
311,368,,카가(전함),SSR,전함,중앵,X,,X,미획득,스작 안함,호감작 안함,,0,전함,순전,항전,내구,2,전함,순전,항전,포격,1,,
312,369,,하타카제,R,구축,중앵,X,,X,미획득,스작 안함,호감작 안함,,0,구축,,,내구,1,구축,,,장전,1,,
313,370,,마키나미,SR,구축,중앵,X,,X,미획득,스작 안함,호감작 안함,,0,구축,,,내구,1,구축,,,뇌장,1,,
314,371,,시리우스,SSR,경순,로열,X,,X,미획득,스작 안함,호감작 안함,,0,경순,,,대공,1,경순,,,뇌장,1,,
315,372,,퀴라소,R,경순,로열,O,X,X,미획득,스작 안함,호감작 안함,,0,경순,,,내구,1,경순,,,대잠,1,,
316,373,,컬루,R,경순,로열,O,X,X,미획득,스작 안함,호감작 안함,,0,경순,,,내구,1,경순,,,대잠,1,,
317,374,,킴벌리,R,구축,유니온,X,,X,미획득,스작 안함,호감작 안함,,0,구축,,,내구,1,구축,,,대공,1,,
318,375,,멀라니,SR,구축,유니온,X,,X,미획득,스작 안함,호감작 안함,,0,구축,,,내구,1,구축,,,대공,1,,
319,376,,체이서,SR,경항모,로열,X,,X,미획득,스작 안함,호감작 안함,,0,경항모,,,대잠,1,경항모,,,대잠,1,,
320,377,,인디펜던스,SR,경항모,유니온,O,X,X,미획득,스작 안함,호감작 안함,,0,경항모,,,대잠,1,경항모,항모,,장전,1,,
321,378,,샹그릴라,SSR,항모,유니온,X,,X,미획득,스작 안함,호감작 안함,,0,경항모,항모,,내구,1,경항모,항모,,항공,2,,
322,379,,Z2,SR,구축,철혈,X,,X,미획득,스작 안함,호감작 안함,,0,구축,,,내구,1,구축,,,포격,1,,
323,380,,벙커힐,SSR,항모,유니온,X,,X,미획득,스작 안함,호감작 안함,,0,경항모,항모,,내구,1,경항모,항모,,항공,2,,
324,381,,이13,SSR,잠수항모,중앵,X,,X,미획득,스작 안함,호감작 안함,,0,잠수함,잠수항모,,명중,1,,잠수항모,,항공,2,,
325,382,,스즈야,SR,중순,중앵,X,,X,미획득,스작 안함,호감작 안함,,0,중순,대순,모니터,내구,1,중순,대순,모니터,포격,1,,
326,383,,꼬마 히에이,SR,전함,중앵,X,,X,미획득,스작 안함,호감작 안함,꼬마,0,,,,,0,,,,,0,,
327,384,,꼬마 아카기,SR,항모,중앵,X,,X,미획득,스작 안함,호감작 안함,꼬마,0,,,,,0,,,,,0,,
328,385,,꼬마 그라프 체펠린,SR,항모,철혈,X,,X,미획득,스작 안함,호감작 안함,꼬마,0,,,,,0,,,,,0,,
329,386,,U-556,SR,잠수,철혈,X,,X,미획득,스작 안함,호감작 안함,,0,잠수함,잠수항모,,기동,2,잠수함,잠수항모,,뇌장,1,,
330,387,,U-73,SR,잠수,철혈,X,,X,미획득,스작 안함,호감작 안함,,0,잠수함,잠수항모,,기동,2,잠수함,잠수항모,,뇌장,1,,
331,388,,Z36,SR,구축,철혈,X,,X,미획득,스작 안함,호감작 안함,,0,구축,,,내구,1,구축,,,포격,1,,
332,389,,에코,R,구축,로열,X,,X,미획득,스작 안함,호감작 안함,,0,구축,,,내구,1,구축,,,대잠,1,,
333,390,,꼬마 헬레나,SR,경순,유니온,X,,X,미획득,스작 안함,호감작 안함,꼬마,0,,,,,0,,,,,0,,
334,391,,꼬마 클리블랜드,SR,경순,유니온,X,,X,미획득,스작 안함,호감작 안함,꼬마,0,,,,,0,,,,,0,,
335,392,,꼬마 샌디에이고,SR,경순,유니온,X,,X,미획득,스작 안함,호감작 안함,꼬마,0,,,,,0,,,,,0,,
336,393,,스위프트슈어,SSR,경순,로열,X,,X,미획득,스작 안함,호감작 안함,,0,경순,,,대공,1,경순,,,명중,1,,
337,394,,르 말랭,SSR,구축,비시아,X,,X,미획득,스작 안함,호감작 안함,,0,구축,,,기동,1,구축,,,포격,1,,
338,395,,로피니아트르,SR,구축,아이리스,X,,X,미획득,스작 안함,호감작 안함,,0,구축,,,내구,1,구축,,,기동,1,,
339,396,,이25,SR,잠수,중앵,X,,X,미획득,스작 안함,호감작 안함,,0,잠수함,잠수항모,,내구,2,잠수함,잠수항모,,뇌장,1,,
340,397,,이56,SR,잠수,중앵,X,,X,미획득,스작 안함,호감작 안함,,0,잠수함,잠수항모,,내구,2,잠수함,잠수항모,,뇌장,1,,
341,398,,이168,SSR,잠수,중앵,X,,X,미획득,스작 안함,호감작 안함,,0,잠수함,잠수항모,,명중,1,잠수함,잠수항모,,뇌장,2,,
342,399,,U-101,SSR,잠수,철혈,X,,X,미획득,스작 안함,호감작 안함,,0,잠수함,잠수항모,,명중,1,잠수함,잠수항모,,뇌장,2,,
343,400,,U-522,SR,잠수,철혈,X,,X,미획득,스작 안함,호감작 안함,,0,잠수함,잠수항모,,기동,2,잠수함,잠수항모,,내구,1,,
344,401,,앨라배마,SSR,전함,유니온,X,,X,미획득,스작 안함,호감작 안함,,0,전함,순전,항전,내구,2,전함,순전,항전,포격,1,,
345,402,,카발라,SSR,잠수,유니온,X,,X,미획득,스작 안함,호감작 안함,,0,잠수함,잠수항모,,명중,1,잠수함,잠수항모,,뇌장,2,,
346,403,,바탄,SR,경항모,유니온,X,,X,미획득,스작 안함,호감작 안함,,0,경항모,항모,,대잠,1,경항모,항모,,장전,1,,
347,404,,산후안,R,경순,유니온,X,,X,미획득,스작 안함,호감작 안함,,0,경순,,,내구,1,경순,,,장전,1,,
348,405,,버밍햄,SR,경순,유니온,X,,X,미획득,스작 안함,호감작 안함,,0,경순,,,대공,1,경순,,,포격,1,,
349,406,,아일윈,R,구축,유니온,X,,X,미획득,스작 안함,호감작 안함,,0,구축,,,내구,1,구축,,,내구,1,,
350,407,,배시,R,구축,유니온,X,,X,미획득,스작 안함,호감작 안함,,0,구축,,,내구,1,구축,,,대공,1,,
351,408,,블랙 프린스,SR,경순,로열,X,,X,미획득,스작 안함,호감작 안함,,0,경순,,,내구,1,경순,,,대공,1,,
352,409,,스탠리,R,구축,유니온,X,,X,미획득,스작 안함,호감작 안함,,0,구축,,,내구,1,구축,,,대공,1,,
353,410,,리토리오,SSR,전함,사르데냐,X,,X,미획득,스작 안함,호감작 안함,,0,전함,순전,항전,내구,2,전함,순전,항전,포격,1,,
354,411,,콘테 디 카보우르,R,전함,사르데냐,X,,X,미획득,스작 안함,호감작 안함,,0,전함,순전,항전,내구,2,전함,순전,항전,장전,1,,
355,412,,줄리오 체사레,SR,전함,사르데냐,X,,X,미획득,스작 안함,호감작 안함,,0,전함,순전,항전,내구,2,전함,순전,항전,명중,1,,
356,413,,차라,SSR,중순,사르데냐,X,,X,미획득,스작 안함,호감작 안함,,0,중순,대순,모니터,내구,1,중순,대순,모니터,포격,1,,
357,414,,트렌토,R,중순,사르데냐,X,,X,미획득,스작 안함,호감작 안함,,0,중순,대순,모니터,내구,1,중순,대순,모니터,명중,1,,
358,415,,카라비니에레,SR,구축,사르데냐,X,,X,미획득,스작 안함,호감작 안함,,0,구축,,,내구,1,구축,,,기동,1,,
359,416,,U-110,SR,잠수,철혈,X,,X,미획득,스작 안함,호감작 안함,,0,잠수함,잠수항모,,기동,2,잠수함,잠수항모,,내구,1,,
360,417,,스몰리,R,구축,유니온,X,,X,미획득,스작 안함,호감작 안함,,0,구축,,,내구,1,구축,,,대공,1,,
361,418,,가스코뉴(µ장비),SSR,전함,비시아,X,,X,미획득,스작 안함,호감작 안함,µ장비,0,,,,,0,,,,,0,,
362,419,,아카기(µ장비),SSR,항모,중앵,X,,X,미획득,스작 안함,호감작 안함,µ장비,0,,,,,0,,,,,0,,
363,420,,클리블랜드(µ장비),SR,경순,유니온,X,,X,미획득,스작 안함,호감작 안함,µ장비,0,,,,,0,,,,,0,,
364,421,,셰필드(µ장비),SR,경순,로열,X,,X,미획득,스작 안함,호감작 안함,µ장비,0,,,,,0,,,,,0,,
365,422,,아드미랄 히퍼(µ장비),SR,중순,철혈,X,,X,미획득,스작 안함,호감작 안함,µ장비,0,,,,,0,,,,,0,,
366,423,,글래스고,R,경순,로열,X,,X,미획득,스작 안함,호감작 안함,,0,경순,,,내구,1,경순,,,명중,1,,
367,424,,카스미,SR,구축,중앵,O,X,X,미획득,스작 안함,호감작 안함,,0,구축,,,내구,1,구축,,,뇌장,1,,
368,425,,스루가,SSR,전함,중앵,X,,X,미획득,스작 안함,호감작 안함,,0,전함,순전,항전,내구,2,전함,순전,항전,포격,1,,
369,426,,류호,SSR,경항모,중앵,X,,X,미획득,스작 안함,호감작 안함,,0,경항모,항모,,대잠,1,경항모,항모,,명중,2,,
370,427,,할시 파웰,R,구축,유니온,X,,X,미획득,스작 안함,호감작 안함,,0,구축,,,내구,1,구축,,,대공,1,,
371,428,,빌럭시,SR,경순,유니온,X,,X,미획득,스작 안함,호감작 안함,,0,경순,,,대공,1,경순,,,포격,1,,
372,429,,우라나미,SR,구축,중앵,X,,X,미획득,스작 안함,호감작 안함,,0,구축,,,내구,1,구축,,,장전,1,,
373,431,,그로즈니,SR,구축,노스유니온,X,,X,미획득,스작 안함,호감작 안함,,0,구축,,,내구,1,구축,,,대공,1,,
374,432,,민스크,SR,구축,노스유니온,X,,X,미획득,스작 안함,호감작 안함,,0,구축,,,내구,1,구축,,,포격,1,,
375,433,,타슈켄트,SSR,구축,노스유니온,X,,X,미획득,스작 안함,호감작 안함,,0,구축,,,포격,1,구축,,,내구,2,,
376,434,,파먀티 메르쿠리야,SR,경순,노스유니온,O,X,X,미획득,스작 안함,호감작 안함,,0,경순,,,내구,1,경순,,,명중,1,,
377,435,,키로프,SSR,경순,노스유니온,X,,X,미획득,스작 안함,호감작 안함,,0,경순,,,내구,1,경순,,,포격,2,,
378,436,,차파예프,SSR,경순,노스유니온,X,,X,미획득,스작 안함,호감작 안함,,0,경순,,,명중,2,경순,,,포격,1,,
379,437,,강구트,SR,전함,노스유니온,X,,X,미획득,스작 안함,호감작 안함,,0,전함,순전,항전,내구,1,전함,순전,항전,포격,1,,
380,438,,소비에츠키 소유즈,UR,전함,노스유니온,X,,X,미획득,스작 안함,호감작 안함,,0,전함,순전,항전,내구,2,전함,순전,항전,포격,1,,
381,440,,소비에츠카야 벨로루시아,SSR,전함,노스유니온,X,,X,미획득,스작 안함,호감작 안함,,0,전함,순전,항전,내구,2,전함,순전,항전,포격,1,,
382,441,,소비에츠카야 러시아,SSR,전함,노스유니온,X,,X,미획득,스작 안함,호감작 안함,,0,전함,순전,항전,내구,2,전함,순전,항전,포격,1,,
383,442,,인트레피드,SSR,항모,유니온,X,,X,미획득,스작 안함,호감작 안함,,0,경항모,항모,,내구,1,경항모,항모,,항공,2,,
384,443,,브레머튼,SSR,중순,유니온,X,,X,미획득,스작 안함,호감작 안함,,0,중순,대순,모니터,내구,1,중순,대순,모니터,포격,1,,
385,444,,쿠퍼,SR,구축,유니온,X,,X,미획득,스작 안함,호감작 안함,,0,구축,,,내구,1,구축,,,포격,1,,
386,445,,리노,SSR,경순,유니온,X,,X,미획득,스작 안함,호감작 안함,,0,경순,,,장전,1,경순,,,대공,2,,
387,446,,블루길,SR,잠수,유니온,X,,X,미획득,스작 안함,호감작 안함,,0,잠수함,잠수항모,,내구,2,잠수함,잠수항모,,뇌장,1,,
388,447,,카사블랑카,R,경항모,유니온,X,,X,미획득,스작 안함,호감작 안함,,0,경항모,항모,,대잠,1,경항모,항모,,장전,1,,
389,448,,마블헤드,R,경순,유니온,X,,X,미획득,스작 안함,호감작 안함,,0,경순,,,내구,1,경순,,,포격,1,,
390,449,,하나즈키,SR,구축,중앵,X,,X,미획득,스작 안함,호감작 안함,,0,구축,,,내구,1,구축,,,대공,1,,
391,450,,나가나미,SR,구축,중앵,X,,X,미획득,스작 안함,호감작 안함,,0,구축,,,내구,1,구축,,,뇌장,1,,
392,451,,꼬마 리나운,SR,전함,로열,X,,X,미획득,스작 안함,호감작 안함,꼬마,0,,,,,0,,,,,0,,
393,452,,타르투,SR,구축,비시아,X,,X,미획득,스작 안함,호감작 안함,,0,구축,,,내구,1,구축,,,대잠,1,,
394,453,,리슐리외,SSR,전함,아이리스,X,,X,미획득,스작 안함,호감작 안함,,0,전함,순전,항전,내구,1,전함,순전,항전,포격,2,,
395,454,,잔 다르크,SSR,경순,아이리스,X,,X,미획득,스작 안함,호감작 안함,,0,경순,,,내구,2,경순,,,명중,1,,
396,455,,알제리,SSR,중순,비시아,X,,X,미획득,스작 안함,호감작 안함,,0,중순,대순,모니터,내구,1,중순,대순,모니터,포격,1,,
397,456,,라 갈리소니에르,SR,경순,비시아,X,,X,미획득,스작 안함,호감작 안함,,0,경순,,,내구,1,경순,,,포격,1,,
398,457,,보클랭,SR,구축,비시아,X,,X,미획득,스작 안함,호감작 안함,,0,구축,,,내구,1,구축,,,포격,1,,
399,458,,베아른,SR,항모,아이리스,X,,X,미획득,스작 안함,호감작 안함,,0,경항모,항모,,내구,1,경항모,항모,,항공,1,,
400,459,,꼬마 일러스트리어스,SR,항모,로열,X,,X,미획득,스작 안함,호감작 안함,꼬마,0,,,,,0,,,,,0,,
401,460,,에스키모,SR,구축,로열,X,,X,미획득,스작 안함,호감작 안함,,0,구축,,,내구,1,구축,,,포격,1,,
402,461,,하우,SSR,전함,로열,X,,X,미획득,스작 안함,호감작 안함,,0,전함,순전,항전,내구,2,전함,순전,항전,포격,1,,
403,462,,퍼시어스,SSR,경항모,로열,X,,X,미획득,스작 안함,호감작 안함,,0,경항모,,,내구,1,경항모,,,항공,2,,
404,463,,허마이오니,SSR,경순,로열,X,,X,미획득,스작 안함,호감작 안함,,0,경순,,,내구,1,경순,,,대공,2,,
405,464,,밸리언트,SR,전함,로열,X,,X,미획득,스작 안함,호감작 안함,,0,전함,순전,항전,내구,2,전함,순전,항전,명중,1,,
406,465,,이카로스,SR,구축,로열,X,,X,미획득,스작 안함,호감작 안함,,0,구축,,,내구,1,구축,,,대잠,1,,
407,466,,Z26,SR,구축,철혈,X,,X,미획득,스작 안함,호감작 안함,,0,구축,,,내구,1,구축,,,포격,1,,
408,467,,U-96,SSR,잠수,철혈,X,,X,미획득,스작 안함,호감작 안함,,0,잠수함,잠수항모,,뇌장,1,잠수함,잠수항모,,명중,2,,
409,468,,스즈츠키,SSR,구축,중앵,X,,X,미획득,스작 안함,호감작 안함,,0,구축,,,내구,1,구축,,,포격,1,,
410,469,,쿠마노,SR,중순,중앵,X,,X,미획득,스작 안함,호감작 안함,,0,중순,대순,모니터,내구,1,중순,대순,모니터,포격,1,,
411,470,,치토세,SR,경항모,중앵,X,,X,미획득,스작 안함,호감작 안함,,0,경항모,,,내구,1,경항모,항모,,항공,1,,
412,471,,치요다,SR,경항모,중앵,X,,X,미획득,스작 안함,호감작 안함,,0,경항모,,,대잠,1,경항모,항모,,장전,1,,
413,472,,카시노,SR,운송함,중앵,X,,X,미획득,스작 안함,호감작 안함,,0,운송함,,,내구,1,운송함,,,내구,1,,
414,473,,프린스턴,SR,경항모,유니온,X,,X,미획득,스작 안함,호감작 안함,,0,경항모,,,대잠,1,경항모,항모,,장전,1,,
415,474,,다이호(µ장비),SSR,항모,중앵,X,,X,미획득,스작 안함,호감작 안함,µ장비,0,,,,,0,,,,,0,,
416,475,,타슈켄트(µ장비),SSR,구축,노스유니온,X,,X,미획득,스작 안함,호감작 안함,µ장비,0,,,,,0,,,,,0,,
417,476,,다이도(µ장비),SSR,경순,로열,X,,X,미획득,스작 안함,호감작 안함,µ장비,0,,,,,0,,,,,0,,
418,477,,알바코어(µ장비),SR,잠수,유니온,X,,X,미획득,스작 안함,호감작 안함,µ장비,0,,,,,0,,,,,0,,
419,478,,볼티모어(µ장비),SR,중순,유니온,X,,X,미획득,스작 안함,호감작 안함,µ장비,0,,,,,0,,,,,0,,
420,479,,론(µ장비),SSR,중순,철혈,X,,X,미획득,스작 안함,호감작 안함,µ장비,0,,,,,0,,,,,0,,
421,480,,일러스트리어스(µ장비),SSR,항모,로열,X,,X,미획득,스작 안함,호감작 안함,µ장비,0,,,,,0,,,,,0,,
422,481,,르 말랭(µ장비),SSR,구축,아이리스,X,,X,미획득,스작 안함,호감작 안함,µ장비,0,,,,,0,,,,,0,,
423,482,,페터 슈트라서,SSR,항모,철혈,X,,X,미획득,스작 안함,호감작 안함,,0,경항모,항모,,내구,1,경항모,항모,,항공,2,,
424,483,,프린츠 하인리히,SSR,중순,철혈,X,,X,미획득,스작 안함,호감작 안함,,0,중순,대순,모니터,내구,1,중순,대순,모니터,포격,1,,
425,484,,U-37,SSR,잠수,철혈,X,,X,미획득,스작 안함,호감작 안함,,0,잠수함,잠수항모,,명중,1,잠수함,잠수항모,,뇌장,2,,
426,485,,베저,SR,경항모,철혈,X,,X,미획득,스작 안함,호감작 안함,,0,경항모,,,내구,1,경항모,,,장전,1,,
427,486,,뉘른베르크,SR,경순,철혈,X,,X,미획득,스작 안함,호감작 안함,,0,경순,,,내구,1,경순,,,대공,1,,
428,487,,Z24,SR,구축,철혈,X,,X,미획득,스작 안함,호감작 안함,,0,구축,,,내구,1,구축,,,포격,1,,
429,488,,Z28,SR,구축,철혈,X,,X,미획득,스작 안함,호감작 안함,,0,구축,,,내구,1,구축,,,포격,1,,
430,489,,폴라,SSR,중순,사르데냐,X,,X,미획득,스작 안함,호감작 안함,,0,중순,대순,모니터,내구,1,중순,대순,모니터,명중,1,,
431,490,,빈첸초 조베르티,SR,구축,사르데냐,X,,X,미획득,스작 안함,호감작 안함,,0,구축,,,내구,1,구축,,,대잠,1,,
432,491,,스트례미텔니,SR,구축,노스유니온,X,,X,미획득,스작 안함,호감작 안함,,0,구축,,,내구,1,구축,,,명중,1,,
433,492,,U-410,SR,잠수,철혈,X,,X,미획득,스작 안함,호감작 안함,,0,잠수함,잠수항모,,기동,2,잠수함,잠수항모,,뇌장,1,,
434,493,,잉 루이,SR,경순,동황,X,,X,미획득,스작 안함,호감작 안함,,0,경순,,,내구,1,경순,,,명중,1,,
435,494,,차오 호,SR,경순,동황,X,,X,미획득,스작 안함,호감작 안함,,0,경순,,,내구,1,경순,,,명중,1,,
436,495,,페넬로피,SR,경순,로열,X,,X,미획득,스작 안함,호감작 안함,,0,경순,,,내구,1,경순,,,명중,1,,
437,496,,탈린,SSR,중순,노스유니온,X,,X,미획득,스작 안함,호감작 안함,,0,중순,대순,모니터,내구,1,중순,대순,모니터,내구,1,,
438,497,,그리먀시,SR,구축,노스유니온,X,,X,미획득,스작 안함,호감작 안함,,0,구축,,,내구,1,구축,,,포격,1,,
439,498,,무르만스크,SR,경순,노스유니온,X,,X,미획득,스작 안함,호감작 안함,,0,경순,,,내구,1,경순,,,포격,1,,
440,499,,그롬키,SR,구축,노스유니온,X,,X,미획득,스작 안함,호감작 안함,,0,구축,,,내구,1,구축,,,기동,1,,
441,500,,비토리오 베네토,SSR,전함,사르데냐,X,,X,미획득,스작 안함,호감작 안함,,0,전함,순전,항전,내구,1,전함,순전,항전,포격,2,,
442,501,,두카 델리 아브루치,SSR,경순,사르데냐,X,,X,미획득,스작 안함,호감작 안함,,0,경순,,,내구,1,경순,,,포격,2,,
443,502,,아퀼라,SSR,항모,사르데냐,X,,X,미획득,스작 안함,호감작 안함,,0,경항모,항모,,장전,1,경항모,항모,,내구,2,,
444,503,,토리첼리,SR,잠수,사르데냐,X,,X,미획득,스작 안함,호감작 안함,,0,잠수함,잠수항모,,내구,1,잠수함,잠수항모,,뇌장,1,,
445,504,,마에스트라레,SR,구축,사르데냐,X,,X,미획득,스작 안함,호감작 안함,,0,구축,,,내구,1,구축,,,포격,1,,
446,505,,리베치오,SR,구축,사르데냐,X,,X,미획득,스작 안함,호감작 안함,,0,구축,,,내구,1,구축,,,포격,1,,
447,506,,니콜로소 다 레코,SR,구축,사르데냐,X,,X,미획득,스작 안함,호감작 안함,,0,구축,,,내구,1,구축,,,기동,1,,
448,507,,오이테,R,구축,중앵,X,,X,미획득,스작 안함,호감작 안함,,0,구축,,,내구,1,구축,,,장전,1,,
449,508,,알렌 M. 섬너,SSR,구축,유니온,X,,X,미획득,스작 안함,호감작 안함,,0,구축,,,포격,1,구축,,,내구,2,,
450,509,,스테판 포터,SR,구축,유니온,X,,X,미획득,스작 안함,호감작 안함,,0,구축,,,내구,1,구축,,,내구,1,,
451,510,,꼬마 아마기,SR,전함,중앵,X,,X,미획득,스작 안함,호감작 안함,꼬마,0,,,,,0,,,,,0,,
452,511,,타이콘데로가,SSR,항모,유니온,X,,X,미획득,스작 안함,호감작 안함,,0,경항모,항모,,내구,1,경항모,항모,,항공,2,,
453,512,,샌프란시스코,SSR,중순,유니온,X,,X,미획득,스작 안함,호감작 안함,,0,중순,대순,모니터,내구,1,중순,대순,모니터,포격,1,,
454,513,,아처피시,SSR,잠수,유니온,X,,X,미획득,스작 안함,호감작 안함,,0,잠수함,잠수항모,,명중,1,잠수함,잠수항모,,뇌장,2,,
455,514,,보이시,SR,경순,유니온,X,,X,미획득,스작 안함,호감작 안함,,0,경순,,,내구,1,경순,,,포격,1,,
456,515,,모리슨,SR,구축,유니온,X,,X,미획득,스작 안함,호감작 안함,,0,구축,,,내구,1,구축,,,대잠,1,,
457,516,,꼬마 엔터프라이즈,SR,항모,유니온,X,,X,미획득,스작 안함,호감작 안함,꼬마,0,,,,,0,,,,,0,,
458,517,,카자구모,SSR,구축,중앵,X,,X,미획득,스작 안함,호감작 안함,,0,구축,,,내구,1,구축,,,뇌장,1,,
459,518,,잉그레이엄,SSR,구축,유니온,X,,X,미획득,스작 안함,호감작 안함,,0,구축,,,대공,1,구축,,,내구,2,,
460,519,,노틸러스,SR,잠수,유니온,X,,X,미획득,스작 안함,호감작 안함,,0,잠수함,잠수항모,,포격,1,잠수함,잠수항모,,내구,1,,
461,520,,카츠라기,SSR,항모,중앵,X,,X,미획득,스작 안함,호감작 안함,,0,경항모,항모,,내구,2,경항모,항모,,명중,1,,
462,521,,뉴올리언스,SSR,중순,유니온,X,,X,미획득,스작 안함,호감작 안함,,0,중순,대순,모니터,내구,1,중순,대순,모니터,포격,1,,
463,522,,르 테리블,SSR,구축,아이리스,X,,X,미획득,스작 안함,호감작 안함,,0,구축,,,기동,1,구축,,,포격,1,,
464,523,,마이예 브레제,SR,구축,아이리스,X,,X,미획득,스작 안함,호감작 안함,,0,구축,,,내구,1,구축,,,포격,1,,
465,524,,포슈,SR,중순,비시아,X,,X,미획득,스작 안함,호감작 안함,,0,중순,대순,모니터,내구,1,중순,대순,모니터,뇌장,1,,
466,525,,마그데부르크,SSR,경순,철혈,X,,X,미획득,스작 안함,호감작 안함,,0,경순,,,내구,1,경순,,,포격,2,,
467,526,,엘베,SR,경항모,철혈,X,,X,미획득,스작 안함,호감작 안함,,0,경항모,,,항공,1,경항모,,,장전,1,,
468,527,,프린츠 아달베르트,SSR,중순,철혈,X,,X,미획득,스작 안함,호감작 안함,,0,중순,대순,모니터,내구,1,중순,대순,모니터,포격,1,,
469,528,,U-1206,SR,잠수,철혈,X,,X,미획득,스작 안함,호감작 안함,,0,잠수함,잠수항모,,기동,2,잠수함,잠수항모,,뇌장,1,,
470,529,,울리히 폰 후텐,UR,전함,철혈,X,,X,미획득,스작 안함,호감작 안함,,0,전함,순전,항전,내구,2,전함,순전,항전,장전,1,,
471,530,,카리브디스,SSR,경순,로열,X,,X,미획득,스작 안함,호감작 안함,,0,경순,,,내구,1,경순,,,대공,2,,
472,531,,하이티엔,SR,경순,동황,X,,X,미획득,스작 안함,호감작 안함,,0,경순,,,내구,1,경순,,,내구,1,,
473,532,,하이치,SR,경순,동황,X,,X,미획득,스작 안함,호감작 안함,,0,경순,,,내구,1,경순,,,내구,1,,
474,533,,브리스톨,SSR,구축,유니온,X,,X,미획득,스작 안함,호감작 안함,,0,구축,,,포격,1,구축,,,내구,2,,
475,534,,젠하이,SR,경항모,동황,O,X,X,미획득,스작 안함,호감작 안함,,0,경항모,항모,,내구,1,경항모,항모,,장전,1,,
476,535,,키예프,SSR,구축,노스유니온,X,,X,미획득,스작 안함,호감작 안함,,0,구축,,,포격,1,구축,,,내구,2,,
477,536,,아르한겔스크,SR,전함,노스유니온,X,,X,미획득,스작 안함,호감작 안함,,0,전함,순전,항전,내구,1,전함,순전,항전,포격,1,,
478,537,,소브라지텔니,SR,구축,노스유니온,X,,X,미획득,스작 안함,호감작 안함,,0,구축,,,내구,1,구축,,,기동,1,,
479,538,,볼가,SSR,항모,노스유니온,X,,X,미획득,스작 안함,호감작 안함,,0,경항모,항모,,내구,2,경항모,항모,,명중,1,,
480,539,,크론시타트,UR,대순,노스유니온,X,,X,미획득,스작 안함,호감작 안함,,0,중순,대순,모니터,내구,1,중순,대순,모니터,포격,1,,
481,540,,임페로,SSR,항모,사르데냐,X,,X,미획득,스작 안함,호감작 안함,,0,경항모,항모,,내구,2,경항모,항모,,항공,1,,
482,541,,폼페오 마뇨,SSR,구축,사르데냐,X,,X,미획득,스작 안함,호감작 안함,,0,구축,,,내구,1,구축,,,포격,1,,
483,542,,트리에스테,SR,중순,사르데냐,X,,X,미획득,스작 안함,호감작 안함,,0,중순,대순,모니터,내구,1,중순,대순,모니터,포격,1,,
484,543,,자이틀리츠,SSR,순전,철혈,X,,X,미획득,스작 안함,호감작 안함,,0,전함,순전,항전,내구,1,,순전,,기동,1,,
485,544,,뤼초,SSR,순전,철혈,X,,X,미획득,스작 안함,호감작 안함,,0,전함,순전,항전,내구,1,,순전,,기동,1,,
486,545,,튀링겐,SR,전함,철혈,X,,X,미획득,스작 안함,호감작 안함,,0,전함,순전,항전,내구,2,전함,순전,항전,포격,1,,
487,546,,요르크,SR,중순,철혈,X,,X,미획득,스작 안함,호감작 안함,,0,중순,대순,모니터,내구,1,중순,대순,모니터,포격,1,,
488,547,,엠덴,SSR,경순,철혈,X,,X,미획득,스작 안함,호감작 안함,,0,경순,,,내구,1,경순,,,포격,2,,
489,548,,엘빙,SR,경순,철혈,X,,X,미획득,스작 안함,호감작 안함,,0,경순,,,내구,1,경순,,,포격,1,,
490,549,,꼬마 프린츠 오이겐,SR,중순,철혈,X,,X,미획득,스작 안함,호감작 안함,꼬마,0,,,,,0,,,,,0,,
491,550,,저비스,SSR,구축,로열,X,,X,미획득,스작 안함,호감작 안함,,0,구축,,,내구,1,구축,,,기동,1,,
492,551,,벨로나,SR,경순,로열,X,,X,미획득,스작 안함,호감작 안함,,0,경순,,,내구,1,경순,,,대공,1,,
493,552,,꼬마 체셔,SR,중순,로열,X,,X,미획득,스작 안함,호감작 안함,꼬마,0,,,,,0,,,,,0,,
494,553,,인도미터블,SSR,항모,로열,X,,X,미획득,스작 안함,호감작 안함,,0,경항모,항모,,내구,2,경항모,항모,,대공,1,,
495,554,,리벤지,SR,전함,로열,X,,X,미획득,스작 안함,호감작 안함,,0,전함,순전,항전,내구,2,전함,순전,항전,포격,1,,
496,555,,조프르,SSR,항모,비시아,X,,X,미획득,스작 안함,호감작 안함,,0,경항모,항모,,내구,2,경항모,항모,,대공,1,,
497,556,,랭동타블,SSR,구축,비시아,X,,X,미획득,스작 안함,호감작 안함,,0,구축,,,기동,1,구축,,,포격,1,,
498,557,,엔터프라이즈(경순),SR,경순,로열,X,,X,미획득,스작 안함,호감작 안함,,0,경순,,,내구,1,경순,,,뇌장,1,,
499,558,,레오나르도 다 빈치,SSR,잠수,사르데냐,X,,X,미획득,스작 안함,호감작 안함,,0,잠수함,잠수항모,,내구,1,잠수함,잠수항모,,뇌장,2,,
500,559,,주세페 가리발디,SSR,경순,사르데냐,X,,X,미획득,스작 안함,호감작 안함,,0,경순,,,내구,1,경순,,,포격,2,,
501,560,,볼차노,SR,중순,사르데냐,X,,X,미획득,스작 안함,호감작 안함,,0,중순,대순,모니터,내구,1,중순,대순,모니터,포격,1,,
502,561,,로마,SSR,전함,사르데냐,X,,X,미획득,스작 안함,호감작 안함,,0,전함,순전,항전,내구,1,전함,순전,항전,포격,2,,
503,562,,알프레도 오리아니,SR,구축,사르데냐,X,,X,미획득,스작 안함,호감작 안함,,0,구축,,,내구,1,구축,,,대잠,1,,
504,563,,에마누엘레 페사노,SR,구축,사르데냐,X,,X,미획득,스작 안함,호감작 안함,,0,구축,,,내구,1,구축,,,기동,1,,
505,564,,Z16,SR,구축,철혈,X,,X,미획득,스작 안함,호감작 안함,,0,구축,,,내구,1,구축,,,포격,1,,
506,566,,브륀힐드,SSR,순전,철혈,X,,X,미획득,스작 안함,호감작 안함,,0,전함,순전,항전,내구,2,전함,순전,항전,포격,1,,
507,567,,와카츠키,SSR,구축,중앵,X,,X,미획득,스작 안함,호감작 안함,,0,구축,,,내구,1,구축,,,포격,1,,
508,568,,꼬마 슈피,SR,중순,철혈,X,,X,미획득,스작 안함,호감작 안함,꼬마,0,,,,,0,,,,,0,,
509,569,,재너스,SSR,구축,로열,X,,X,미획득,스작 안함,호감작 안함,,0,구축,,,내구,1,구축,,,기동,1,,
510,570,,알비온,SSR,경항모,로열,X,,X,미획득,스작 안함,호감작 안함,,0,경항모,항모,,명중,2,경항모,항모,,항공,1,,
511,571,,로열 포춘,SSR,범선,템페스타,X,,X,미획득,스작 안함,호감작 안함,,0,범선,,,내구,1,범선,,,포격,2,,
512,572,,호넷Ⅱ,SSR,항모,유니온,X,,X,미획득,스작 안함,호감작 안함,,0,경항모,항모,,내구,1,경항모,항모,,항공,2,,
513,573,,랭글리Ⅱ,SR,경항모,유니온,X,,X,미획득,스작 안함,호감작 안함,,0,경항모,,,대잠,1,경항모,항모,,항공,1,,
514,574,,요크타운Ⅱ,UR,항모,유니온,X,,X,미획득,스작 안함,호감작 안함,,0,경항모,항모,,내구,1,경항모,항모,,항공,2,,
515,575,,노샘프턴Ⅱ,SSR,중순,유니온,X,,X,미획득,스작 안함,호감작 안함,,0,중순,대순,모니터,내구,1,중순,대순,모니터,명중,1,,
516,576,,허먼Ⅱ,SR,구축,유니온,X,,X,미획득,스작 안함,호감작 안함,,0,구축,,,내구,1,구축,,,대공,1,,
517,577,,쿠이비셰프,SSR,경순,노스유니온,X,,X,미획득,스작 안함,호감작 안함,,0,경순,,,명중,2,경순,,,포격,1,,
518,578,,테세우스,SSR,경항모,로열,X,,X,미획득,스작 안함,호감작 안함,,0,경항모,,,내구,1,경항모,,,항공,2,,
519,579,,화지아,SR,경항모,동황,O,X,X,미획득,스작 안함,호감작 안함,,0,경항모,항모,,내구,1,경항모,항모,,장전,1,,
520,580,,딩안,SR,운송함,동황,X,,X,미획득,스작 안함,호감작 안함,,0,운송함,,,내구,1,운송함,,,내구,1,,
521,581,,임플래커블,UR,항모,로열,X,,X,미획득,스작 안함,호감작 안함,,0,경항모,항모,,내구,2,경항모,항모,,항공,1,,
522,582,,로열 오크,SSR,전함,로열,X,,X,미획득,스작 안함,호감작 안함,,0,전함,순전,항전,내구,2,전함,순전,항전,포격,1,,
523,583,,아거스,SR,경항모,로열,X,,X,미획득,스작 안함,호감작 안함,,0,경항모,,,대잠,1,경항모,항모,,항공,1,,
524,584,,스킬라,SSR,경순,로열,X,,X,미획득,스작 안함,호감작 안함,,0,경순,,,내구,1,경순,,,대공,2,,
525,585,,히어로,SR,구축,로열,X,,X,미획득,스작 안함,호감작 안함,,0,구축,,,내구,1,구축,,,대잠,1,,
526,586,,쿠르스크,SSR,중순,노스유니온,X,,X,미획득,스작 안함,호감작 안함,,0,중순,대순,모니터,내구,1,중순,대순,모니터,포격,1,,
527,587,,세바스토폴,SR,전함,노스유니온,X,,X,미획득,스작 안함,호감작 안함,,0,전함,순전,항전,내구,1,전함,순전,항전,포격,1,,
528,588,,보로실로프,SSR,경순,노스유니온,X,,X,미획득,스작 안함,호감작 안함,,0,경순,,,내구,2,경순,,,기동,1,,
529,589,,꼬마 포미더블,SR,항모,로열,X,,X,미획득,스작 안함,호감작 안함,꼬마,0,,,,,0,,,,,0,,
530,590,,오토 폰 알벤슬레벤,SSR,구축,철혈,X,,X,미획득,스작 안함,호감작 안함,,0,구축,,,내구,1,구축,,,포격,1,,
531,591,,야드,SR,경항모,철혈,X,,X,미획득,스작 안함,호감작 안함,,0,경항모,,,항공,1,경항모,,,장전,1,,
532,592,,레겐스부르크,SSR,경순,철혈,X,,X,미획득,스작 안함,호감작 안함,,0,경순,,,내구,1,경순,,,포격,2,,
533,593,,비스마르크 Zwei,UR,전함,철혈,X,,X,미획득,스작 안함,호감작 안함,,0,전함,순전,항전,내구,2,전함,순전,항전,명중,1,,
534,594,,꼬마 다이호,SR,항모,중앵,X,,X,미획득,스작 안함,호감작 안함,꼬마,0,,,,,0,,,,,0,,
535,595,,안드레아 도리아,SR,전함,사르데냐,X,,X,미획득,스작 안함,호감작 안함,,0,전함,순전,항전,내구,2,전함,순전,항전,포격,1,,
536,596,,아틸리오 레골로,SSR,구축,사르데냐,X,,X,미획득,스작 안함,호감작 안함,,0,구축,,,내구,1,구축,,,포격,1,,
537,597,,고리치아,SSR,중순,사르데냐,X,,X,미획득,스작 안함,호감작 안함,,0,중순,대순,모니터,내구,1,중순,대순,모니터,포격,1,,
538,598,,마르세예즈,SSR,경순,비시아,X,,X,미획득,스작 안함,호감작 안함,,0,경순,,,내구,2,경순,,,포격,1,,
539,599,,팽르베,SSR,항모,아이리스,X,,X,미획득,스작 안함,호감작 안함,,0,경항모,항모,,내구,2,경항모,항모,,대공,1,,
540,600,,쉬프랑,SR,중순,아이리스,X,,X,미획득,스작 안함,호감작 안함,,0,중순,대순,모니터,내구,1,중순,대순,모니터,뇌장,1,,
541,601,,케르생,SR,구축,비시아,X,,X,미획득,스작 안함,호감작 안함,,0,구축,,,내구,1,구축,,,포격,1,,
542,602,,리옹,SR,전함,아이리스,X,,X,미획득,스작 안함,호감작 안함,,0,전함,순전,항전,내구,1,전함,순전,항전,포격,1,,
543,603,,기샹,SSR,경순,아이리스,X,,X,미획득,스작 안함,호감작 안함,,0,경순,,,대공,1,경순,,,기동,1,,
544,604,,클레망소,SSR,전함,비시아,X,,X,미획득,스작 안함,호감작 안함,,0,전함,순전,항전,내구,1,전함,순전,항전,포격,2,,
545,605,,운젠,UR,중순,중앵,X,,X,미획득,스작 안함,호감작 안함,,0,중순,대순,모니터,뇌장,1,중순,대순,모니터,포격,1,,
546,606,,오와리,SSR,전함,중앵,X,,X,미획득,스작 안함,호감작 안함,,0,전함,순전,항전,내구,1,전함,순전,항전,포격,2,,
547,607,,하츠즈키,SSR,구축,중앵,X,,X,미획득,스작 안함,호감작 안함,,0,구축,,,내구,1,구축,,,포격,1,,
548,608,,아사나기,SR,구축,중앵,X,,X,미획득,스작 안함,호감작 안함,,0,구축,,,내구,1,구축,,,장전,1,,
549,609,,휴스턴Ⅱ,SSR,경순,유니온,X,,X,미획득,스작 안함,호감작 안함,,0,경순,,,대공,1,경순,,,포격,1,,
550,610,,골든 하인드,SSR,범선,템페스타,X,,X,미획득,스작 안함,호감작 안함,,0,범선,,,명중,2,범선,,,기동,1,,
551,611,,메리 셀러스트,SSR,범선,템페스타,X,,X,미획득,스작 안함,호감작 안함,,0,범선,,,포격,1,범선,,,내구,2,,
552,612,,어드벤처 갤리,SR,범선,템페스타,X,,X,미획득,스작 안함,호감작 안함,,0,범선,,,내구,1,범선,,,포격,1,,
553,613,,상 마르티뉴,SSR,범선,템페스타,X,,X,미획득,스작 안함,호감작 안함,,0,범선,,,내구,2,범선,,,명중,1,,
554,614,,위다,SR,범선,템페스타,X,,X,미획득,스작 안함,호감작 안함,,0,범선,,,포격,1,범선,,,내구,1,,
555,615,,라피Ⅱ,UR,구축,유니온,X,,X,미획득,스작 안함,호감작 안함,,0,구축,,,포격,1,구축,,,내구,2,,
556,616,,괌,UR,대순,유니온,X,,X,미획득,스작 안함,호감작 안함,,0,중순,대순,모니터,대공,1,중순,대순,모니터,포격,1,,
557,617,,컨스텔레이션,SSR,순전,유니온,X,,X,미획득,스작 안함,호감작 안함,,0,전함,순전,항전,내구,1,,순전,,기동,1,,
558,618,,샌 재신토,SR,경항모,유니온,X,,X,미획득,스작 안함,호감작 안함,,0,경항모,,,대잠,1,경항모,항모,,명중,1,,
559,619,,루이빌,SR,중순,유니온,X,,X,미획득,스작 안함,호감작 안함,,0,중순,대순,모니터,내구,1,중순,대순,모니터,대공,1,,
560,620,,플래셔,SSR,잠수,유니온,X,,X,미획득,스작 안함,호감작 안함,,0,잠수함,잠수항모,,명중,1,잠수함,잠수항모,,뇌장,2,,
561,621,,환창,SSR,순전,동황,X,,X,미획득,스작 안함,호감작 안함,,0,전함,순전,항전,내구,1,,순전,,포격,1,,
562,622,,지안,SR,경순,동황,X,,X,미획득,스작 안함,호감작 안함,,0,경순,,,내구,1,경순,,,명중,1,,
563,623,,롱우,SR,구축,동황,X,,X,미획득,스작 안함,호감작 안함,,0,구축,,,내구,1,구축,,,뇌장,1,,
564,624,,후번,SR,구축,동황,X,,X,미획득,스작 안함,호감작 안함,,0,구축,,,내구,1,구축,,,뇌장,1,,
565,625,,페이윈,SR,구축,동황,X,,X,미획득,스작 안함,호감작 안함,,0,구축,,,내구,1,구축,,,뇌장,1,,
566,626,,오그네보이,SSR,구축,노스유니온,X,,X,미획득,스작 안함,호감작 안함,,0,구축,,,포격,1,구축,,,내구,2,,
567,627,,스비레피,SR,구축,노스유니온,X,,X,미획득,스작 안함,호감작 안함,,0,구축,,,내구,1,구축,,,기동,1,,
568,628,,폴타바,SR,전함,노스유니온,X,,X,미획득,스작 안함,호감작 안함,,0,전함,순전,항전,내구,1,전함,순전,항전,포격,1,,
569,630,,누비안,SSR,구축,로열,X,,X,미획득,스작 안함,호감작 안함,,0,구축,,,내구,1,구축,,,포격,1,,
570,631,,리버풀,SR,경순,로열,X,,X,미획득,스작 안함,호감작 안함,,0,경순,,,내구,1,경순,,,대공,1,,
571,632,,데본셔,SR,중순,로열,X,,X,미획득,스작 안함,호감작 안함,,0,중순,대순,모니터,내구,1,중순,대순,모니터,명중,1,,
572,633,,포미더블(µ장비),SSR,항모,로열,X,,X,미획득,스작 안함,호감작 안함,µ장비,0,,,,,0,,,,,0,,
573,634,,프린츠 오이겐(µ장비),SSR,중순,철혈,X,,X,미획득,스작 안함,호감작 안함,µ장비,0,,,,,0,,,,,0,,
574,635,,노시로(µ장비),SSR,경순,중앵,X,,X,미획득,스작 안함,호감작 안함,µ장비,0,,,,,0,,,,,0,,
575,636,,콘고(µ장비),SR,전함,중앵,X,,X,미획득,스작 안함,호감작 안함,µ장비,0,,,,,0,,,,,0,,
576,637,,르 테메레르(µ장비),SR,구축,아이리스,X,,X,미획득,스작 안함,호감작 안함,µ장비,0,,,,,0,,,,,0,,
577,638,,보이시(µ장비),SR,경순,유니온,X,,X,미획득,스작 안함,호감작 안함,µ장비,0,,,,,0,,,,,0,,
578,639,,꼬마 시나노,SR,항모,중앵,X,,X,미획득,스작 안함,호감작 안함,꼬마,0,,,,,0,,,,,0,,
579,640,,프리드리히 카를,SSR,중순,철혈,X,,X,미획득,스작 안함,호감작 안함,,0,중순,대순,모니터,내구,1,중순,대순,모니터,포격,1,,
580,641,,알자스,UR,전함,아이리스,X,,X,미획득,스작 안함,호감작 안함,,0,전함,순전,항전,내구,2,전함,순전,항전,포격,1,,
581,642,,모가도르,UR,구축,비시아,X,,X,미획득,스작 안함,호감작 안함,,0,구축,,,내구,1,구축,,,기동,1,,
582,643,,브렌누스,SSR,중순,아이리스,X,,X,미획득,스작 안함,호감작 안함,,0,중순,대순,모니터,포격,1,중순,대순,모니터,기동,1,,
583,645,,플뢰레,SR,구축,비시아,X,,X,미획득,스작 안함,호감작 안함,,0,구축,,,내구,1,구축,,,기동,1,,
584,646,,에페,SR,구축,비시아,X,,X,미획득,스작 안함,호감작 안함,,0,구축,,,내구,1,구축,,,기동,1,,
585,647,,꼬마 프리드리히,SR,전함,철혈,X,,X,미획득,스작 안함,호감작 안함,꼬마,0,,,,,0,,,,,0,,
586,648,,알비트,SSR,순전,철혈,X,,X,미획득,스작 안함,호감작 안함,,0,전함,순전,항전,내구,2,전함,순전,항전,포격,1,,
587,649,,Z47,SSR,구축,철혈,X,,X,미획득,스작 안함,호감작 안함,,0,구축,,,대공,1,구축,,,포격,1,,
588,650,,U-31,SR,잠수,철혈,X,,X,미획득,스작 안함,호감작 안함,,0,잠수함,잠수항모,,기동,2,잠수함,잠수항모,,뇌장,1,,
589,651,,Z43,SR,구축,철혈,X,,X,미획득,스작 안함,호감작 안함,,0,구축,,,내구,1,구축,,,포격,1,,
590,652,,스트라스부르,SSR,순전,비시아,X,,X,미획득,스작 안함,호감작 안함,,0,전함,순전,항전,내구,2,,순전,,포격,1,,
591,653,,로데슈,SSR,구축,비시아,X,,X,미획득,스작 안함,호감작 안함,,0,구축,,,기동,1,구축,,,포격,1,,
592,654,,듀플렉스,SR,중순,비시아,X,,X,미획득,스작 안함,호감작 안함,,0,중순,대순,모니터,내구,1,중순,대순,모니터,뇌장,1,,
593,655,,피츠버그,SSR,중순,유니온,X,,X,미획득,스작 안함,호감작 안함,,0,중순,대순,모니터,내구,1,중순,대순,모니터,포격,1,,
594,657,,파고,SSR,경순,유니온,X,,X,미획득,스작 안함,호감작 안함,,0,경순,,,대공,1,경순,,,포격,1,,
595,658,,헤링,SR,잠수,유니온,X,,X,미획득,스작 안함,호감작 안함,,0,잠수함,잠수항모,,명중,1,잠수함,잠수항모,,뇌장,1,,
596,659,,벨,SR,구축,유니온,X,,X,미획득,스작 안함,호감작 안함,,0,구축,,,내구,1,구축,,,대잠,1,,
597,660,,아마기(항모),UR,항모,중앵,X,,X,미획득,스작 안함,호감작 안함,,0,경항모,항모,,내구,2,경항모,항모,,항공,1,,
598,661,,와타라세,SSR,경순,중앵,X,,X,미획득,스작 안함,호감작 안함,,0,경순,,,뇌장,1,경순,,,명중,1,,
599,662,,아야세,SR,경순,중앵,X,,X,미획득,스작 안함,호감작 안함,,0,경순,,,명중,1,경순,,,뇌장,1,,
600,663,,스즈나미,SR,구축,중앵,X,,X,미획득,스작 안함,호감작 안함,,0,구축,,,내구,1,구축,,,뇌장,1,,
601,664,,건스웨이,SSR,범선,템페스타,X,,X,미획득,스작 안함,호감작 안함,,0,범선,,,내구,2,범선,,,포격,1,,
602,665,,팬시,SSR,범선,템페스타,X,,X,미획득,스작 안함,호감작 안함,,0,범선,,,포격,1,범선,,,기동,1,,
603,666,,아미티,SSR,범선,템페스타,X,,X,미획득,스작 안함,호감작 안함,,0,범선,,,포격,1,범선,,,내구,2,,
604,667,,포츠머스 어드벤처,SR,범선,템페스타,X,,X,미획득,스작 안함,호감작 안함,,0,범선,,,포격,1,범선,,,기동,1,,
605,668,,돌핀,SR,범선,템페스타,X,,X,미획득,스작 안함,호감작 안함,,0,범선,,,포격,1,범선,,,내구,1,,
606,669,,프리츠 루메이,UR,항모,철혈,X,,X,미획득,스작 안함,호감작 안함,,0,경항모,항모,,내구,1,경항모,항모,,항공,2,,
607,670,,Z52,UR,구축,철혈,X,,X,미획득,스작 안함,호감작 안함,,0,구축,,,내구,1,구축,,,포격,1,,
608,671,,뒤스부르크,SSR,경순,철혈,X,,X,미획득,스작 안함,호감작 안함,,0,경순,,,내구,1,경순,,,포격,2,,
609,672,,Z9,SR,구축,철혈,X,,X,미획득,스작 안함,호감작 안함,,0,구축,,,내구,1,구축,,,포격,1,,
610,673,,Z11,SR,구축,철혈,X,,X,미획득,스작 안함,호감작 안함,,0,구축,,,내구,1,구축,,,포격,1,,
611,674,,지엔우,SSR,중순,동황,X,,X,미획득,스작 안함,호감작 안함,,0,중순,대순,모니터,내구,1,중순,대순,모니터,명중,1,,
612,675,,하이롱,SR,경순,동황,X,,X,미획득,스작 안함,호감작 안함,,0,경순,,,내구,1,경순,,,명중,1,,
613,676,,창펑,SR,구축,동황,X,,X,미획득,스작 안함,호감작 안함,,0,구축,,,내구,1,구축,,,뇌장,1,,
614,677,,푸보,SR,구축,동황,X,,X,미획득,스작 안함,호감작 안함,,0,구축,,,내구,1,구축,,,뇌장,1,,
615,678,,라파엘로,UR,전함,사르데냐,X,,X,미획득,스작 안함,호감작 안함,,0,전함,순전,항전,내구,1,전함,순전,항전,포격,2,,
616,679,,마조레 바라카,SSR,잠수,사르데냐,X,,X,미획득,스작 안함,호감작 안함,,0,잠수,잠수항모,,내구,1,잠수,잠수항모,,뇌장,2,,
617,680,,조수에 카르두치,SR,구축,사르데냐,X,,X,미획득,스작 안함,호감작 안함,,0,구축,,,내구,1,구축,,,대잠,1,,
618,681,,바르톨로메오 콜레오니,SR,경순,사르데냐,X,,X,미획득,스작 안함,호감작 안함,,0,경순,,,내구,1,경순,,,포격,1,,
619,682,,프랭클린,SSR,항모,유니온,X,,X,미획득,스작 안함,호감작 안함,,0,경항모,항모,,내구,1,경항모,항모,,항공,2,,
620,683,,산타페,SSR,경순,유니온,X,,X,미획득,스작 안함,호감작 안함,,0,경순,,,대공,1,경순,,,포격,1,,
621,684,,밀러,SR,구축,유니온,X,,X,미획득,스작 안함,호감작 안함,,0,구축,,,내구,1,구축,,,대공,1,,
622,685,,카잔,SSR,전함,노스유니온,X,,X,미획득,스작 안함,호감작 안함,,0,전함,순전,항전,내구,2,전함,순전,항전,포격,1,,
623,686,,드 제번 프로빈시엔,SSR,경순,튤리퍼,X,,X,미획득,스작 안함,호감작 안함,,0,경순,,,대공,2,경순,,,장전,1,,
624,687,,에버트센,SR,구축,튤리퍼,X,,X,미획득,스작 안함,호감작 안함,,0,구축,,,내구,1,구축,,,내구,1,,
625,688,,올레그,SR,경순,노스유니온,X,,X,미획득,스작 안함,호감작 안함,,0,경순,,,내구,1,경순,,,명중,1,,
626,689,,트라팔가,UR,구축,로열,X,,X,미획득,스작 안함,호감작 안함,,0,구축,,,내구,1,구축,,,명중,1,,
627,690,,클레오파트라,SSR,경순,로열,X,,X,미획득,스작 안함,호감작 안함,,0,경순,,,내구,1,경순,,,대공,2,,
628,691,,갤런트,SR,구축,로열,X,,X,미획득,스작 안함,호감작 안함,,0,구축,,,내구,1,구축,,,기동,1,,
629,692,,트리니다드,SR,경순,로열,X,,X,미획득,스작 안함,호감작 안함,,0,경순,,,내구,1,경순,,,명중,1,,
630,693,,꼬마 앵커리지,SR,중순,유니온,X,,X,미획득,스작 안함,호감작 안함,꼬마,0,,,,,0,,,,,0,,
631,694,,아드미랄 젠커,SSR,전함,철혈,X,,X,미획득,스작 안함,호감작 안함,,0,전함,순전,항전,내구,2,전함,순전,항전,명중,1,,
632,695,,U-552,SSR,잠수,철혈,X,,X,미획득,스작 안함,호감작 안함,,0,잠수함,잠수항모,,명중,1,잠수함,잠수항모,,뇌장,2,,
633,696,,Z13,SR,구축,철혈,X,,X,미획득,스작 안함,호감작 안함,,0,구축,,,내구,1,구축,,,포격,1,,
634,697,,꼬마 에기르,SR,대순,철혈,X,,X,미획득,스작 안함,호감작 안함,꼬마,0,,,,,0,,,,,0,,
635,698,,마세나,SSR,순전,아이리스,X,,X,미획득,스작 안함,호감작 안함,,0,전함,순전,항전,내구,1,,순전,,기동,1,,
636,699,,부아 벨루,SSR,경항모,아이리스,X,,X,미획득,스작 안함,호감작 안함,,0,경항모,,,대잠,1,경항모,항모,,명중,1,,
637,700,,뒤켄,SR,중순,아이리스,X,,X,미획득,스작 안함,호감작 안함,,0,중순,대순,모니터,포격,1,중순,대순,모니터,기동,1,,
638,701,,르 아르디,SSR,구축,아이리스,X,,X,미획득,스작 안함,호감작 안함,,0,구축,,,내구,1,구축,,,포격,1,,
639,702,,뒤게 트루앵,SR,경순,아이리스,X,,X,미획득,스작 안함,호감작 안함,,0,경순,,,내구,1,경순,,,포격,1,,
640,703,,하쿠호,UR,항모,중앵,X,,X,미획득,스작 안함,호감작 안함,,0,경항모,항모,,내구,2,경항모,항모,,항공,1,,
641,704,,타에카제,SR,구축,중앵,X,,X,미획득,스작 안함,호감작 안함,,0,구축,,,내구,1,구축,,,뇌장,1,,
642,705,,이404,UR,잠수항모,중앵,X,,X,미획득,스작 안함,호감작 안함,,0,잠수함,잠수항모,,뇌장,1,잠수항모,,,항공,2,,
643,706,,오미,SSR,전함,중앵,X,,X,미획득,스작 안함,호감작 안함,,0,전함,순전,항전,내구,1,전함,순전,항전,포격,2,,
644,707,,아사마,SSR,중순,중앵,X,,X,미획득,스작 안함,호감작 안함,,0,중순,대순,모니터,뇌장,1,중순,대순,모니터,뇌장,1,,
645,708,,미나세,SR,경순,중앵,X,,X,미획득,스작 안함,호감작 안함,,0,경순,,,명중,1,경순,,,뇌장,1,,
646,709,,퀸 앤즈 리벤지,SSR,범선,템페스타,X,,X,미획득,스작 안함,호감작 안함,,0,범선,,,포격,1,범선,,,명중,1,,
647,710,,라임,SSR,범선,템페스타,X,,X,미획득,스작 안함,호감작 안함,,0,범선,,,포격,1,범선,,,기동,1,,
648,711,,펄,SSR,범선,템페스타,X,,X,미획득,스작 안함,호감작 안함,,0,범선,,,내구,2,범선,,,포격,1,,
649,712,,로열 제임스,SR,범선,템페스타,X,,X,미획득,스작 안함,호감작 안함,,0,범선,,,포격,1,범선,,,내구,1,,
650,713,,어드벤처,SR,범선,템페스타,X,,X,미획득,스작 안함,호감작 안함,,0,범선,,,포격,1,범선,,,내구,1,,
651,715,,렉싱턴Ⅱ,UR,항모,유니온,X,,X,미획득,스작 안함,호감작 안함,,0,경항모,항모,,내구,1,경항모,항모,,항공,2,,
652,716,,카우펜스,SSR,경항모,유니온,X,,X,미획득,스작 안함,호감작 안함,,0,경항모,,,대잠,1,경항모,항모,,장전,1,,
653,718,,클래런스 K 브론슨,SR,구축,유니온,X,,X,미획득,스작 안함,호감작 안함,,0,구축,,,내구,1,구축,,,대잠,1,,
654,719,,패서디나,SR,경순,유니온,X,,X,미획득,스작 안함,호감작 안함,,0,경순,,,대공,1,경순,,,포격,1,,
655,720,,프란체스코 카라치올로,SSR,전함,사르데냐,X,,X,미획득,스작 안함,호감작 안함,,0,전함,순전,항전,내구,2,전함,순전,항전,포격,1,,
656,721,,알베르토 디 주사노,SR,경순,사르데냐,X,,X,미획득,스작 안함,호감작 안함,,0,경순,,,내구,1,경순,,,포격,1,,
657,722,,우골리노 비발디,SR,구축,사르데냐,X,,X,미획득,스작 안함,호감작 안함,,0,구축,,,내구,1,구축,,,기동,1,,
658,723,,후지나미,SSR,구축,중앵,X,,X,미획득,스작 안함,호감작 안함,,0,구축,,,내구,1,구축,,,뇌장,1,,
659,725,,장우,SSR,중순,동황,X,,X,미획득,스작 안함,호감작 안함,,0,중순,,,내구,1,중순,,,명중,1,,
660,726,,하이처우,SR,경순,동황,X,,X,미획득,스작 안함,호감작 안함,,0,경순,,,내구,1,경순,,,명중,1,,
661,727,,모스크바,UR,중순,북련,X,,X,미획득,스작 안함,호감작 안함,,0,중순,대순,모니터,내구,1,중순,대순,모니터,명중,1,,
662,728,,오조르노이,SSR,구축,북련,X,,X,미획득,스작 안함,호감작 안함,,0,구축,,,포격,1,구축,,,내구,2,,
663,729,,크라스늬 캅카스,SR,경순,북련,X,,X,미획득,스작 안함,호감작 안함,,0,경순,,,내구,1,경순,,,포격,1,,
664,730,,바가티르,SR,경순,북련,X,,X,미획득,스작 안함,호감작 안함,,0,경순,,,내구,1,경순,,,명중,1,,
665,731,,운류,SSR,항모,중앵,X,,X,미획득,스작 안함,호감작 안함,,0,경항모,항모,,내구,2,경항모,항모,,항공,1,,
666,732,,키즈,SR,경순,중앵,X,,X,미획득,스작 안함,호감작 안함,,0,경순,,,명중,1,경순,,,뇌장,1,,
667,733,,나요로,SR,경순,중앵,X,,X,미획득,스작 안함,호감작 안함,,0,경순,,,명중,1,경순,,,뇌장,1,,
668,M001,,히류(META),SSR,항모,META,X,,X,미획득,스작 안함,호감작 안함,,0,경항모,항모,,내구,1,경항모,항모,,명중,2,,
669,M002,,아크 로열(META),SSR,항모,META,X,,X,미획득,스작 안함,호감작 안함,,0,경항모,항모,,내구,1,경항모,항모,,명중,2,,
670,M003,,헬레나(META),SSR,경순,META,X,,X,미획득,스작 안함,호감작 안함,,0,경순,,,명중,1,경순,,,포격,1,,
671,M004,,소류(META),SSR,항모,META,X,,X,미획득,스작 안함,호감작 안함,,0,경항모,항모,,내구,1,경항모,항모,,장전,2,,
672,M005,,후소(META),SR,전함,META,X,,X,미획득,스작 안함,호감작 안함,,0,전함,순전,항전,내구,2,전함,순전,항전,장전,1,,
673,M006,,히요(META),SR,경항모,META,X,,X,미획득,스작 안함,호감작 안함,,0,경항모,,,대잠,1,경항모,항모,,장전,1,,
674,M007,,그나이제나우(META),SSR,순전,META,X,,X,미획득,스작 안함,호감작 안함,,0,전함,순전,항전,내구,1,,순전,,기동,1,,
675,M008,,준요(META),SR,경항모,META,X,,X,미획득,스작 안함,호감작 안함,,0,경항모,,,대잠,1,경항모,항모,,장전,1,,
676,M009,,샤른호르스트(META),SSR,순전,META,X,,X,미획득,스작 안함,호감작 안함,,0,전함,순전,항전,내구,1,,순전,,기동,1,,
677,M010,,야마시로(META),SR,전함,META,X,,X,미획득,스작 안함,호감작 안함,,0,전함,순전,항전,내구,2,전함,순전,항전,장전,1,,
678,M011,,멤피스(META),SR,경순,META,X,,X,미획득,스작 안함,호감작 안함,,0,경순,,,내구,1,경순,,,장전,1,,
679,M012,,리펄스(META),SSR,순전,META,X,,X,미획득,스작 안함,호감작 안함,,0,전함,순전,항전,내구,1,,순전,,기동,1,,
680,M013,,트렌토(META),SR,중순,META,X,,X,미획득,스작 안함,호감작 안함,,0,중순,대순,모니터,내구,1,중순,대순,모니터,명중,1,,
681,M014,,리나운(META),SSR,순전,META,X,,X,미획득,스작 안함,호감작 안함,,0,전함,순전,항전,내구,1,,순전,,기동,1,,
682,M015,,헌터(META),SR,구축,META,X,,X,미획득,스작 안함,호감작 안함,,0,구축,,,내구,1,구축,,,대잠,1,,
683,M016,,포춘(META),SR,구축,META,X,,X,미획득,스작 안함,호감작 안함,,0,구축,,,내구,1,구축,,,대잠,1,,
684,M017,,애리조나(META),SSR,전함,META,X,,X,미획득,스작 안함,호감작 안함,,0,전함,순전,항전,내구,1,전함,순전,항전,내구,2,,
685,M018,,셰필드(META),SR,경순,META,X,,X,미획득,스작 안함,호감작 안함,,0,경순,,,내구,1,경순,,,뇌장,1,,
686,M019,,퀸 엘리자베스(META),SSR,전함,META,X,,X,미획득,스작 안함,호감작 안함,,0,전함,순전,항전,내구,2,전함,순전,항전,명중,1,,
687,M020,,라 갈리소니에르(META),SR,경순,META,X,,X,미획득,스작 안함,호감작 안함,,0,경순,,,내구,1,경순,,,포격,1,,
688,M021,,U-556(META),SSR,잠수,META,X,,X,미획득,스작 안함,호감작 안함,,0,잠수함,잠수항모,,기동,2,잠수함,잠수항모,,뇌장,1,,
689,M022,,베스탈(META),SR,공작함,META,X,,X,미획득,스작 안함,호감작 안함,,0,공작함,,,내구,1,공작함,,,내구,1,,
690,M023,,알제리(META),SSR,중순,META,X,,X,미획득,스작 안함,호감작 안함,,0,중순,대순,모니터,내구,1,중순,대순,모니터,포격,1,,
691,M024,,하타카제(META),SR,구축,META,X,,X,미획득,스작 안함,호감작 안함,,0,구축,,,내구,1,구축,,,장전,1,,
692,M025,,진츠(META),SSR,경순,META,X,,X,미획득,스작 안함,호감작 안함,,0,경순,,,명중,1,경순,,,뇌장,1,,
693,M026,,프린스턴(META),SR,경항모,META,X,,X,미획득,스작 안함,호감작 안함,,0,경항모,,,대잠,1,경항모,항모,,장전,1,,
694,M027,,에레버스(META),SR,모니터,META,X,,X,미획득,스작 안함,호감작 안함,,0,중순,대순,모니터,내구,1,중순,대순,모니터,장전,1,,
695,M028,,키로프(META),SSR,경순,META,X,,X,미획득,스작 안함,호감작 안함,,0,경순,,,내구,1,경순,,,포격,2,,
696,M029,,킴벌리(META),SR,구축,META,X,,X,미획득,스작 안함,호감작 안함,,0,구축,,,내구,1,구축,,,대공,1,,
697,M030,,파먀티 메르쿠리야(META),SSR,경순,META,X,,X,미획득,스작 안함,호감작 안함,,0,경순,,,내구,1,경순,,,명중,1,,
698,M031,,로드니(META),SSR,전함,META,X,,X,미획득,스작 안함,호감작 안함,,0,전함,순전,항전,내구,2,전함,순전,항전,포격,1,,
699,M032,,뱀파이어(META),SR,구축,META,X,,X,미획득,스작 안함,호감작 안함,,0,구축,,,내구,1,구축,,,뇌장,1,,
700,M033,,베아른(META),SSR,항모,META,X,,X,미획득,스작 안함,호감작 안함,,0,경항모,항모,,내구,1,경항모,항모,,항공,1,,
701,M034,,포슈(META),SR,중순,META,X,,X,미획득,스작 안함,호감작 안함,,0,중순,대순,모니터,내구,1,중순,대순,모니터,뇌장,1,,
702,M035,,위치타(META),SSR,중순,META,X,,X,미획득,스작 안함,호감작 안함,,0,중순,대순,모니터,내구,1,중순,대순,모니터,포격,1,,
703,M036,,카스미(META),SR,구축,META,X,,X,미획득,스작 안함,호감작 안함,,0,구축,,,내구,1,구축,,,뇌장,1,,
704,M037,,나가토(META),SSR,전함,META,X,,X,미획득,스작 안함,호감작 안함,,0,전함,순전,항전,내구,2,전함,순전,항전,포격,1,,
705,M038,,히에이(META),SSR,순전,META,X,,X,미획득,스작 안함,호감작 안함,,0,전함,순전,항전,내구,1,,순전,,기동,1,,
706,M039,,호쇼(META),SR,경항모,META,X,,X,미획득,스작 안함,호감작 안함,,0,경항모,,,대잠,1,경항모,항모,,장전,1,,
707,M040,,줄리오 체사레(META),SR,전함,META,X,,X,미획득,스작 안함,호감작 안함,,0,전함,순전,항전,내구,2,전함,순전,항전,명중,1,,
708,M041,,다이호(META),SSR,항모,META,X,,X,미획득,스작 안함,호감작 안함,,0,경항모,항모,,내구,2,경항모,항모,,항공,1,,
709,M042,,아드미랄 히퍼(META),SSR,중순,META,X,,X,미획득,스작 안함,호감작 안함,,0,중순,대순,모니터,내구,1,중순,대순,모니터,내구,1,,
710,M043,,볼차노(META),SR,중순,META,X,,X,미획득,스작 안함,호감작 안함,,0,중순,대순,모니터,내구,1,중순,대순,모니터,포격,1,,
711,M044,,안드레아 도리아(META),SSR,전함,META,X,,X,미획득,스작 안함,호감작 안함,,0,전함,순전,항전,내구,2,전함,순전,항전,포격,1,,
712,M045,,호넷(META),SSR,항모,META,X,,X,미획득,스작 안함,호감작 안함,,0,경항모,항모,,내구,2,경항모,항모,,명중,1,,
713,M046,,네바다(META),SR,전함,META,X,,X,미획득,스작 안함,호감작 안함,,0,전함,순전,항전,내구,2,전함,순전,항전,장전,1,,
714,M047,,그렌빌(META),SR,구축,META,X,,X,미획득,스작 안함,호감작 안함,,0,구축,,,내구,1,구축,,,기동,1,,
715,M048,,글로리어스(META),SSR,항모,META,X,,X,미획득,스작 안함,호감작 안함,,0,경항모,항모,,내구,2,경항모,항모,,장전,1,,
716,M049,,카와카제(META),SSR,구축,META,X,,X,미획득,스작 안함,호감작 안함,,0,구축,,,명중,1,구축,,,뇌장,1,,
717,M050,,됭케르크(META),SR,순전,META,X,,X,미획득,스작 안함,호감작 안함,,0,전함,순전,항전,내구,1,,순전,,기동,1,,
718,M051,,유다치(META),SSR,구축,META,X,,X,미획득,스작 안함,호감작 안함,,0,구축,,,포격,1,구축,,,뇌장,1,,
719,M052,,듀이(META),SR,구축,META,X,,X,미획득,스작 안함,호감작 안함,,0,구축,,,내구,1,구축,,,내구,1,,
720,M053,,보이시(META),SR,경순,META,X,,X,미획득,스작 안함,호감작 안함,,0,경순,,,내구,1,경순,,,포격,1,,
721,M054,,요크타운(META),SSR,항모,META,X,,X,미획득,스작 안함,호감작 안함,,0,경항모,항모,,내구,2,경항모,항모,,장전,1,,
722,M055,,클리블랜드(META),SSR,경순,META,X,,X,미획득,스작 안함,호감작 안함,,0,경순,,,명중,1,경순,,,포격,1,,
723,M056,,카라비니에레(META),SR,구축,META,X,,X,미획득,스작 안함,호감작 안함,,0,구축,,,내구,1,구축,,,기동,1,,
724,M057,,강구트(META),SSR,전함,META,X,,X,미획득,스작 안함,호감작 안함,,0,전함,순전,항전,내구,1,전함,순전,항전,포격,1,,
725,M058,,레겐스부르크(META),SSR,경순,META,X,,X,미획득,스작 안함,호감작 안함,,0,경순,,,포격,1,경순,,,명중,1,,
726,M059,,쾰른(META),SR,경순,META,X,,X,미획득,스작 안함,호감작 안함,,0,경순,,,내구,1,경순,,,내구,1,,
727,P001,,넵튠,SSR,경순,로열,X,,X,미획득,스작 안함,호감작 안함,,0,경순,,,대공,1,경순,,,포격,1,,
728,P002,,모나크,SSR,전함,로열,X,,X,미획득,스작 안함,호감작 안함,,0,전함,순전,항전,내구,1,전함,순전,항전,포격,2,,
729,P003,,이부키,SSR,중순,중앵,X,,X,미획득,스작 안함,호감작 안함,,0,중순,대순,모니터,뇌장,1,중순,대순,모니터,뇌장,1,,
730,P004,,이즈모,SSR,전함,중앵,X,,X,미획득,스작 안함,호감작 안함,,0,전함,순전,항전,내구,1,전함,순전,항전,포격,2,,
731,P005,,론,SSR,중순,철혈,X,,X,미획득,스작 안함,호감작 안함,,0,중순,대순,모니터,내구,1,중순,대순,모니터,포격,1,,
732,P006,,생 루이,SSR,중순,아이리스,X,,X,미획득,스작 안함,호감작 안함,,0,중순,대순,모니터,포격,1,중순,대순,모니터,기동,1,,
733,P007,,시애틀,SSR,경순,유니온,X,,X,미획득,스작 안함,호감작 안함,,0,경순,,,대공,1,경순,,,포격,1,,
734,P008,,조지아,SSR,전함,유니온,X,,X,미획득,스작 안함,호감작 안함,,0,전함,순전,항전,명중,1,전함,순전,항전,포격,2,,
735,P009,,키타카제,SSR,구축,중앵,X,,X,미획득,스작 안함,호감작 안함,,0,구축,,,포격,1,구축,,,포격,1,,
736,P010,,아즈마,UR,대순,중앵,X,,X,미획득,스작 안함,호감작 안함,,0,중순,대순,모니터,포격,1,중순,대순,모니터,포격,1,,
737,P011,,프리드리히 데어 그로세,UR,전함,철혈,X,,X,미획득,스작 안함,호감작 안함,,0,전함,순전,항전,내구,1,전함,순전,항전,포격,2,,
738,P012,,가스코뉴,SSR,전함,비시아,X,,X,미획득,스작 안함,호감작 안함,,0,전함,순전,항전,포격,1,전함,순전,항전,장전,2,,
739,P013,,체셔,SSR,중순,로열,X,,X,미획득,스작 안함,호감작 안함,,0,중순,대순,모니터,내구,1,중순,대순,모니터,대공,1,,
740,P014,,드레이크,UR,중순,로열,X,,X,미획득,스작 안함,호감작 안함,,0,중순,대순,모니터,내구,1,중순,대순,모니터,포격,1,,
741,P015,,마인츠,SSR,경순,철혈,X,,X,미획득,스작 안함,호감작 안함,,0,경순,,,포격,1,경순,,,내구,2,,
742,P016,,오딘,SSR,순전,철혈,X,,X,미획득,스작 안함,호감작 안함,,0,전함,순전,항전,내구,2,전함,순전,항전,명중,1,,
743,P017,,샹파뉴,SSR,전함,아이리스,X,,X,미획득,스작 안함,호감작 안함,,0,전함,순전,항전,포격,1,전함,순전,항전,명중,2,,
744,P018,,앵커리지,SSR,중순,유니온,X,,X,미획득,스작 안함,호감작 안함,,0,중순,대순,모니터,내구,1,중순,대순,모니터,명중,1,,
745,P019,,하쿠류,UR,항모,중앵,X,,X,미획득,스작 안함,호감작 안함,,0,경항모,항모,,내구,1,경항모,항모,,항공,2,,
746,P020,,에기르,UR,대순,철혈,X,,X,미획득,스작 안함,호감작 안함,,0,중순,대순,모니터,포격,1,중순,대순,모니터,포격,1,,
747,P021,,아우구스트 폰 파르제팔,SSR,항모,철혈,X,,X,미획득,스작 안함,호감작 안함,,0,경항모,항모,,명중,1,경항모,항모,,항공,2,,
748,P022,,마르코 폴로,SSR,전함,사르데냐,X,,X,미획득,스작 안함,호감작 안함,,0,전함,순전,항전,포격,1,전함,순전,항전,내구,2,,
749,P023,,플리머스,UR,경순,로열,X,,X,미획득,스작 안함,호감작 안함,,0,경순,,,대공,1,경순,,,포격,2,,
750,P024,,프린츠 루프레히트,SSR,순전,철혈,X,,X,미획득,스작 안함,호감작 안함,,0,전함,순전,항전,내구,2,전함,순전,항전,포격,1,,
751,P025,,하얼빈,SSR,경순,동황,X,,X,미획득,스작 안함,호감작 안함,,0,경순,,,내구,2,경순,,,뇌장,1,,
752,P026,,치칼로프,SSR,항모,노스유니온,X,,X,미획득,스작 안함,호감작 안함,,0,경항모,항모,,내구,2,경항모,항모,,항공,1,,
753,P027,,브레스트,UR,대순,아이리스,X,,X,미획득,스작 안함,호감작 안함,,0,중순,대순,모니터,포격,1,중순,대순,모니터,내구,2,,
754,P028,,키어사지,UR,항전,유니온,X,,X,미획득,스작 안함,호감작 안함,,0,전함,순전,항전,내구,1,전함,순전,항전,포격,2,,
755,P029,,시만토,SSR,경순,중앵,X,,X,미획득,스작 안함,호감작 안함,,0,경순,,,내구,1,경순,,,뇌장,1,,
756,P030,,펠릭스 슐츠,SSR,구축,철혈,X,,X,미획득,스작 안함,호감작 안함,,0,구축,,,내구,1,구축,,,포격,1,,
757,P031,,힌덴부르크,UR,중순,철혈,X,,X,미획득,스작 안함,호감작 안함,,0,중순,대순,모니터,내구,1,중순,대순,모니터,포격,1,,
758,P032,,플랑드르,SSR,전함,비시아,X,,X,미획득,스작 안함,호감작 안함,,0,전함,순전,항전,내구,2,전함,순전,항전,포격,1,,
759,P033,,할포드,SSR,구축,유니온,X,,X,미획득,스작 안함,호감작 안함,,0,구축,,,내구,1,구축,,,기동,1,,
760,P034,,다이센,SSR,전함,중앵,X,,X,미획득,스작 안함,호감작 안함,,0,전함,순전,항전,기동,1,전함,순전,항전,포격,2,,
761,P035,,나폴리,UR,중순,사르데냐,X,,X,미획득,스작 안함,호감작 안함,,0,중순,대순,모니터,내구,1,중순,대순,모니터,포격,1,,
762,P036,,어드미럴 나히모프,UR,항모,노스유니온,X,,X,미획득,스작 안함,호감작 안함,,0,경항모,항모,,내구,1,경항모,항모,,항공,2,,
763,P037,,바야르,SSR,경순,아이리스,X,,X,미획득,스작 안함,호감작 안함,,0,경순,,,장전,1,경순,,,기동,1,,
764,P038,,캔자스,SSR,전함,유니온,X,,X,미획득,스작 안함,호감작 안함,,0,전함,순전,항전,내구,1,전함,순전,항전,포격,1,,
765,P039,,메클렌부르크,UR,전함,철혈,X,,X,미획득,스작 안함,호감작 안함,,0,전함,순전,항전,내구,1,전함,순전,항전,포격,2,,
766,P040,,비토리오 쿠니베르티,SSR,구축,사르데냐,X,,X,미획득,스작 안함,호감작 안함,,0,구축,,,내구,1,구축,,,포격,1,,
767,P041,,드미트리 돈스코이,SSR,경순,노스유니온,X,,X,미획득,스작 안함,호감작 안함,,0,경순,,,명중,2,경순,,,포격,1,,
768,P042,,하우덴 리우,UR,중순,튤리퍼,X,,X,미획득,스작 안함,호감작 안함,,0,중순,대순,모니터,내구,1,중순,대순,모니터,대공,2,,
769,Z001,,넵튠(콜라보),SR,경순,초차원 넵튠,X,,X,미획득,스작 안함,호감작 안함,콜라보,0,,,,,0,,,,,0,,
770,Z002,,느와르,SR,중순,초차원 넵튠,X,,X,미획득,스작 안함,호감작 안함,콜라보,0,,,,,0,,,,,0,,
771,Z003,,블랑,SR,구축,초차원 넵튠,X,,X,미획득,스작 안함,호감작 안함,콜라보,0,,,,,0,,,,,0,,
772,Z004,,벨,SR,항모,초차원 넵튠,X,,X,미획득,스작 안함,호감작 안함,콜라보,0,,,,,0,,,,,0,,
773,Z005,,퍼플 하트,SSR,경순,초차원 넵튠,X,,X,미획득,스작 안함,호감작 안함,콜라보,0,,,,,0,,,,,0,,
774,Z006,,블랙 하트,SSR,중순,초차원 넵튠,X,,X,미획득,스작 안함,호감작 안함,콜라보,0,,,,,0,,,,,0,,
775,Z007,,화이트 하트,SSR,구축,초차원 넵튠,X,,X,미획득,스작 안함,호감작 안함,콜라보,0,,,,,0,,,,,0,,
776,Z008,,그린 하트,SSR,항모,초차원 넵튠,X,,X,미획득,스작 안함,호감작 안함,콜라보,0,,,,,0,,,,,0,,
777,Z031,,쿠온,SSR,중순,칭송받는자,X,,X,미획득,스작 안함,호감작 안함,콜라보,0,,,,,0,,,,,0,,
778,Z032,,네코네,SSR,구축,칭송받는자,X,,X,미획득,스작 안함,호감작 안함,콜라보,0,,,,,0,,,,,0,,
779,Z033,,루루티에,SSR,경순,칭송받는자,X,,X,미획득,스작 안함,호감작 안함,콜라보,0,,,,,0,,,,,0,,
780,Z034,,우루루,SR,경항모,칭송받는자,X,,X,미획득,스작 안함,호감작 안함,콜라보,0,,,,,0,,,,,0,,
781,Z035,,사라나,SR,경항모,칭송받는자,X,,X,미획득,스작 안함,호감작 안함,콜라보,0,,,,,0,,,,,0,,
782,Z036,,후미뤼르,SR,항모,칭송받는자,X,,X,미획득,스작 안함,호감작 안함,콜라보,0,,,,,0,,,,,0,,
783,Z041,,키즈나 아이,SR,구축,키즈나 아이,X,,X,미획득,스작 안함,호감작 안함,콜라보,0,,,,,0,,,,,0,,
784,Z042,,키즈아 아이 - 엘레강트,SSR,중순,키즈나 아이,X,,X,미획득,스작 안함,호감작 안함,콜라보,0,,,,,0,,,,,0,,
785,Z043,,키즈나 아이 - 애니버서리,SSR,항모,키즈나 아이,X,,X,미획득,스작 안함,호감작 안함,콜라보,0,,,,,0,,,,,0,,
786,Z044,,키즈나 아이 - 슈퍼 게이머,SSR,전함,키즈나 아이,X,,X,미획득,스작 안함,호감작 안함,콜라보,0,,,,,0,,,,,0,,
787,Z051,,시라카미 후부키,SSR,구축,홀로라이브,X,,X,미획득,스작 안함,호감작 안함,콜라보,0,,,,,0,,,,,0,,
788,Z052,,토키노 소라,SSR,항모,홀로라이브,X,,X,미획득,스작 안함,호감작 안함,콜라보,0,,,,,0,,,,,0,,
789,Z053,,미나토 아쿠아,SSR,잠수,홀로라이브,X,,X,미획득,스작 안함,호감작 안함,콜라보,0,,,,,0,,,,,0,,
790,Z054,,나츠이로 마츠리,SR,구축,홀로라이브,X,,X,미획득,스작 안함,호감작 안함,콜라보,0,,,,,0,,,,,0,,
791,Z055,,나키리 아야메,SR,중순,홀로라이브,X,,X,미획득,스작 안함,호감작 안함,콜라보,0,,,,,0,,,,,0,,
792,Z056,,무라사키 시온,SR,경항모,홀로라이브,X,,X,미획득,스작 안함,호감작 안함,콜라보,0,,,,,0,,,,,0,,
793,Z057,,오오카미 미오,SR,항모,홀로라이브,X,,X,미획득,스작 안함,호감작 안함,콜라보,0,,,,,0,,,,,0,,
794,Z061,,마리 로즈,SSR,구축,DOAX VV,X,,X,미획득,스작 안함,호감작 안함,콜라보,0,,,,,0,,,,,0,,
795,Z062,,호노카,SSR,전함,DOAX VV,X,,X,미획득,스작 안함,호감작 안함,콜라보,0,,,,,0,,,,,0,,
796,Z063,,카스미 (콜라보),SSR,중순,DOAX VV,X,,X,미획득,스작 안함,호감작 안함,콜라보,0,,,,,0,,,,,0,,
797,Z064,,미사키,SSR,경순,DOAX VV,X,,X,미획득,스작 안함,호감작 안함,콜라보,0,,,,,0,,,,,0,,
798,Z065,,나기사,SR,전함,DOAX VV,X,,X,미획득,스작 안함,호감작 안함,콜라보,0,,,,,0,,,,,0,,
799,Z066,,뇨텐구,SR,항모,DOAX VV,X,,X,미획득,스작 안함,호감작 안함,콜라보,0,,,,,0,,,,,0,,
800,Z067,,모니카,SR,경순,DOAX VV,X,,X,미획득,스작 안함,호감작 안함,콜라보,0,,,,,0,,,,,0,,
801,Z068,,루나,SSR,경항모,DOAX VV,X,,X,미획득,스작 안함,호감작 안함,콜라보,0,,,,,0,,,,,0,,
802,Z069,,타마키,SSR,순전,DOAX VV,X,,X,미획득,스작 안함,호감작 안함,콜라보,0,,,,,0,,,,,0,,
803,Z071,,아마미 하루카,SSR,경순,아이마스,X,,X,미획득,스작 안함,호감작 안함,콜라보,0,,,,,0,,,,,0,,
804,Z072,,키사라기 치하야,SSR,항모,아이마스,X,,X,미획득,스작 안함,호감작 안함,콜라보,0,,,,,0,,,,,0,,
805,Z073,,미나세 이오리,SSR,전함,아이마스,X,,X,미획득,스작 안함,호감작 안함,콜라보,0,,,,,0,,,,,0,,
806,Z074,,미우라 아즈사,SSR,중순,아이마스,X,,X,미획득,스작 안함,호감작 안함,콜라보,0,,,,,0,,,,,0,,
807,Z075,,아키즈키 리츠코,SR,운송함,아이마스,X,,X,미획득,스작 안함,호감작 안함,콜라보,0,,,,,0,,,,,0,,
808,Z076,,후타미 아미,SR,잠수,아이마스,X,,X,미획득,스작 안함,호감작 안함,콜라보,0,,,,,0,,,,,0,,
809,Z077,,후타미 마미,SR,잠수,아이마스,X,,X,미획득,스작 안함,호감작 안함,콜라보,0,,,,,0,,,,,0,,
810,Z081,,타카라다 릿카,SSR,경순,그리드맨,X,,X,미획득,스작 안함,호감작 안함,콜라보,0,,,,,0,,,,,0,,
811,Z082,,신죠 아카네,SSR,전함,그리드맨,X,,X,미획득,스작 안함,호감작 안함,콜라보,0,,,,,0,,,,,0,,
812,Z083,,핫스,SR,경순,그리드맨,X,,X,미획득,스작 안함,호감작 안함,콜라보,0,,,,,0,,,,,0,,
813,Z084,,나미코,SR,중순,그리드맨,X,,X,미획득,스작 안함,호감작 안함,콜라보,0,,,,,0,,,,,0,,
814,Z085,,미나미 유메,SSR,중순,그리드맨,X,,X,미획득,스작 안함,호감작 안함,콜라보,0,,,,,0,,,,,0,,
815,Z086,,아스카가와 치세,SSR,항모,그리드맨,X,,X,미획득,스작 안함,호감작 안함,콜라보,0,,,,,0,,,,,0,,
816,Z087,,무지나,SR,전함,그리드맨,X,,X,미획득,스작 안함,호감작 안함,콜라보,0,,,,,0,,,,,0,,
817,Z088,,2대,SSR,항전,그리드맨,X,,X,미획득,스작 안함,호감작 안함,콜라보,0,,,,,0,,,,,0,,
818,Z089,,공주,SSR,운송함,그리드맨,X,,X,미획득,스작 안함,호감작 안함,콜라보,0,,,,,0,,,,,0,,
819,Z091,,라이잘린 스타우트,SSR,경순,라이자,X,,X,미획득,스작 안함,호감작 안함,콜라보,0,,,,,0,,,,,0,,
820,Z092,,클라우디아 발렌츠,SSR,경항모,라이자,X,,X,미획득,스작 안함,호감작 안함,콜라보,0,,,,,0,,,,,0,,
821,Z093,,파트리샤 아벨하임,SSR,전함,라이자,X,,X,미획득,스작 안함,호감작 안함,콜라보,0,,,,,0,,,,,0,,
822,Z094,,릴라 디자이어스,SR,중순,라이자,X,,X,미획득,스작 안함,호감작 안함,콜라보,0,,,,,0,,,,,0,,
823,Z095,,세리 글로스,SR,항모,라이자,X,,X,미획득,스작 안함,호감작 안함,콜라보,0,,,,,0,,,,,0,,
824,Z096,,칼라 이데아스,SSR,대순,라이자,X,,X,미획득,스작 안함,호감작 안함,콜라보,0,,,,,0,,,,,0,,
825,Z101,,아스카,SSR,경순,섬란 카구라,X,,X,미획득,스작 안함,호감작 안함,콜라보,0,,,,,0,,,,,0,,
826,Z102,,이카루가,SSR,중순,섬란 카구라,X,,X,미획득,스작 안함,호감작 안함,콜라보,0,,,,,0,,,,,0,,
827,Z103,,호무라,SSR,잠수,섬란 카구라,X,,X,미획득,스작 안함,호감작 안함,콜라보,0,,,,,0,,,,,0,,
828,Z104,,유미,SSR,항모,섬란 카구라,X,,X,미획득,스작 안함,호감작 안함,콜라보,0,,,,,0,,,,,0,,
829,Z105,,후부키 (콜라보),SSR,전함,섬란 카구라,X,,X,미획득,스작 안함,호감작 안함,콜라보,0,,,,,0,,,,,0,,
830,Z106,,무라사키,SR,경항모,섬란 카구라,X,,X,미획득,스작 안함,호감작 안함,콜라보,0,,,,,0,,,,,0,,
831,Z107,,유우야키,SR,중순,섬란 카구라,X,,X,미획득,스작 안함,호감작 안함,콜라보,0,,,,,0,,,,,0,,
832,Z111,,라라 사타린 데빌룩,SSR,중순,투러브,X,,X,미획득,스작 안함,호감작 안함,콜라보,0,,,,,0,,,,,0,,
833,Z112,,나나 아스타 데빌룩,SSR,구축,투러브,X,,X,미획득,스작 안함,호감작 안함,콜라보,0,,,,,0,,,,,0,,
834,Z113,,모모 베리아 데빌룩,SSR,경순,투러브,X,,X,미획득,스작 안함,호감작 안함,콜라보,0,,,,,0,,,,,0,,
835,Z114,,금빛 어둠,SSR,전함,투러브,X,,X,미획득,스작 안함,호감작 안함,콜라보,0,,,,,0,,,,,0,,
836,Z115,,사이렌지 하루나,SR,순전,투러브,X,,X,미획득,스작 안함,호감작 안함,콜라보,0,,,,,0,,,,,0,,
837,Z116,,코테가와 유이,SR,항모,투러브,X,,X,미획득,스작 안함,호감작 안함,콜라보,0,,,,,0,,,,,0,,
838,Z121,,BLACK★ROCK SHOOTER,SSR,순전,블랙 록 슈터,X,,X,미획득,스작 안함,호감작 안함,콜라보,0,,,,,0,,,,,0,,
839,Z122,,DEAD MASTER,SSR,항모,블랙 록 슈터,X,,X,미획득,스작 안함,호감작 안함,콜라보,0,,,,,0,,,,,0,,
840,Z131,,유미아 리스펠트,SSR,경항모,라이자,X,,X,미획득,스작 안함,호감작 안함,콜라보,0,,,,,0,,,,,0,,
841,Z132,,아일라 폰 뒤러,SSR,경순,라이자,X,,X,미획득,스작 안함,호감작 안함,콜라보,0,,,,,0,,,,,0,,
842,Z133,,니나 프리드,SSR,전함,라이자,X,,X,미획득,스작 안함,호감작 안함,콜라보,0,,,,,0,,,,,0,,
843,Z134,,레이냐,SSR,구축,라이자,X,,X,미획득,스작 안함,호감작 안함,콜라보,0,,,,,0,,,,,0,,
844,Z141,,헤스티아,SSR,공작함,던만추,X,,X,미획득,스작 안함,호감작 안함,콜라보,0,,,,,0,,,,,0,,
845,Z142,,류 리온,SSR,경순,던만추,X,,X,미획득,스작 안함,호감작 안함,콜라보,0,,,,,0,,,,,0,,
846,Z151,,야토가미 토카,SSR,중순,데어라,X,,X,미획득,스작 안함,호감작 안함,콜라보,0,,,,,0,,,,,0,,
847,Z152,,토비이치 오리가미,SSR,항모,데어라,X,,X,미획득,스작 안함,호감작 안함,콜라보,0,,,,,0,,,,,0,,
848,Z153,,이츠카 코토리,SSR,전함,데어라,X,,X,미획득,스작 안함,호감작 안함,콜라보,0,,,,,0,,,,,0,,
849,Z154,,요시노,SSR,경항모,데어라,X,,X,미획득,스작 안함,호감작 안함,콜라보,0,,,,,0,,,,,0,,
850,Z155,,토키사키 쿠루미,SSR,경순,데어라,X,,X,미획득,스작 안함,호감작 안함,콜라보,0,,,,,0,,,,,0,,
851,Z156,,야마이 카구야 · 야마이 유즈루,SSR,경순,데어라,X,,X,미획득,스작 안함,호감작 안함,콜라보,0,,,,,0,,,,,0,,
852,Z990,,엘리제,SSR,항모,DOAX VV,X,,X,미획득,스작 안함,호감작 안함,콜라보,0,,,,,0,,,,,0,,
853,Z991,,시즈쿠,SSR,전함,DOAX VV,X,,X,미획득,스작 안함,호감작 안함,콜라보,0,,,,,0,,,,,0,,
854,Z992,,샌디,SSR,중순,DOAX VV,X,,X,미획득,스작 안함,호감작 안함,콜라보,0,,,,,0,,,,,0,,
855,Z993,,츠쿠시,SSR,구축,DOAX VV,X,,X,미획득,스작 안함,호감작 안함,콜라보,0,,,,,0,,,,,0,,
856,Z994,,패티,SSR,잠수,DOAX VV,X,,X,미획득,스작 안함,호감작 안함,콜라보,0,,,,,0,,,,,0,,
857,Z995,,유키노,SSR,경순,DOAX VV,X,,X,미획득,스작 안함,호감작 안함,콜라보,0,,,,,0,,,,,0,,
858,734,,꼬마 무사시,SR,전함,중앵,X,,X,미획득,스작 안함,호감작 안함,꼬마,0,,,,,0,,,,,0,,
859,735,,괴츠 폰 베를리힝겐,UR,전함,철혈,X,,X,미획득,스작 안함,호감작 안함,,0,전함,순전,항전,내구,1,전함,순전,항전,포격,2,,
860,736,,U-2501,UR,잠수,철혈,X,,X,미획득,스작 안함,호감작 안함,,0,잠수함,잠수항모,,명중,1,잠수함,잠수항모,,뇌장,2,,
861,737,,프린츠 모리츠,SSR,중순,철혈,X,,X,미획득,스작 안함,호감작 안함,,0,중순,대순,모니터,내구,1,중순,대순,모니터,포격,1,,
862,738,,Z14,SR,구축,철혈,X,,X,미획득,스작 안함,호감작 안함,,0,구축,,,내구,1,구축,,,포격,1,,
863,739,,Z15,SR,구축,철혈,X,,X,미획득,스작 안함,호감작 안함,,0,구축,,,내구,1,구축,,,포격,1,,
864,740,,꼬마 운젠,SR,중순,중앵,X,,X,미획득,스작 안함,호감작 안함,꼬마,0,,,,,0,,,,,0,,
865,M061,,쾨니히스베르크(META),SR,경순,META,X,,X,미획득,스작 안함,호감작 안함,,0,경순,,,내구,1,경순,,,내구,1,,
866,M060,,엘베(META),SSR,경항모,META,X,,X,미획득,스작 안함,호감작 안함,,0,경항모,,,항공,1,경항모,,,장전,1,,
867,,,,,,,,,X,미획득,스작 안함,호감작 안함,,,,,,,,,,,,,,
,,,,,,,,,X,미획득,스작 안함,호감작 안함,,,,,,,,,,,,,,
,,,,,,,,,X,미획득,스작 안함,호감작 안함,,,,,,,,,,,,,,
,,,,,,,,,X,미획득,스작 안함,호감작 안함,,,,,,,,,,,,,,
,,,,,,,,,X,미획득,스작 안함,호감작 안함,,,,,,,,,,,,,,
,,,,,,,,,X,미획득,스작 안함,호감작 안함,,,,,,,,,,,,,,
,,,,,,,,,X,미획득,스작 안함,호감작 안함,,,,,,,,,,,,,,
,,,,,,,,,X,미획득,스작 안함,호감작 안함,,,,,,,,,,,,,,
,,,,,,,,,X,미획득,스작 안함,호감작 안함,,,,,,,,,,,,,,
,,,,,,,,,X,미획득,스작 안함,호감작 안함,,,,,,,,,,,,,,
,,,,,,,,,X,미획득,스작 안함,호감작 안함,,,,,,,,,,,,,,
,,,,,,,,,X,미획득,스작 안함,호감작 안함,,,,,,,,,,,,,,
,,,,,,,,,X,미획득,스작 안함,호감작 안함,,,,,,,,,,,,,,
,,,,,,,,,X,미획득,스작 안함,호감작 안함,,,,,,,,,,,,,,
,,,,,,,,,X,미획득,스작 안함,호감작 안함,,,,,,,,,,,,,,
,,,,,,,,,X,미획득,스작 안함,호감작 안함,,,,,,,,,,,,,,
,,,,,,,,,X,미획득,스작 안함,호감작 안함,,,,,,,,,,,,,,
,,,,,,,,,X,미획득,스작 안함,호감작 안함,,,,,,,,,,,,,,
,,,,,,,,,X,미획득,스작 안함,호감작 안함,,,,,,,,,,,,,,
,,,,,,,,,X,미획득,스작 안함,호감작 안함,,,,,,,,,,,,,,
,,,,,,,,,X,미획득,스작 안함,호감작 안함,,,,,,,,,,,,,,
,,,,,,,,,X,미획득,스작 안함,호감작 안함,,,,,,,,,,,,,,
,,,,,,,,,X,미획득,스작 안함,호감작 안함,,,,,,,,,,,,,,
,,,,,,,,,X,미획득,스작 안함,호감작 안함,,,,,,,,,,,,,,
,,,,,,,,,X,미획득,스작 안함,호감작 안함,,,,,,,,,,,,,,
,,,,,,,,,X,미획득,스작 안함,호감작 안함,,,,,,,,,,,,,,
,,,,,,,,,X,미획득,스작 안함,호감작 안함,,,,,,,,,,,,,,
,,,,,,,,,X,미획득,스작 안함,호감작 안함,,,,,,,,,,,,,,
,,,,,,,,,X,미획득,스작 안함,호감작 안함,,,,,,,,,,,,,,
,,,,,,,,,X,미획득,스작 안함,호감작 안함,,,,,,,,,,,,,,
,,,,,,,,,X,미획득,스작 안함,호감작 안함,,,,,,,,,,,,,,
,,,,,,,,,X,미획득,스작 안함,호감작 안함,,,,,,,,,,,,,,
,,,,,,,,,X,미획득,스작 안함,호감작 안함,,,,,,,,,,,,,,
,,,,,,,,,X,미획득,스작 안함,호감작 안함,,,,,,,,,,,,,,
,,,,,,,,,X,미획득,스작 안함,호감작 안함,,,,,,,,,,,,,,
,,,,,,,,,X,미획득,스작 안함,호감작 안함,,,,,,,,,,,,,,
,,,,,,,,,X,미획득,스작 안함,호감작 안함,,,,,,,,,,,,,,
,,,,,,,,,X,미획득,스작 안함,호감작 안함,,,,,,,,,,,,,,
,,,,,,,,,X,미획득,스작 안함,호감작 안함,,,,,,,,,,,,,,
,,,,,,,,,X,미획득,스작 안함,호감작 안함,,,,,,,,,,,,,,
,,,,,,,,,X,미획득,스작 안함,호감작 안함,,,,,,,,,,,,,,
,,,,,,,,,X,미획득,스작 안함,호감작 안함,,,,,,,,,,,,,,
,,,,,,,,,X,미획득,스작 안함,호감작 안함,,,,,,,,,,,,,,
,,,,,,,,,X,미획득,스작 안함,호감작 안함,,,,,,,,,,,,,,
,,,,,,,,,X,미획득,스작 안함,호감작 안함,,,,,,,,,,,,,,
,,,,,,,,,X,미획득,스작 안함,호감작 안함,,,,,,,,,,,,,,
,,,,,,,,,X,미획득,스작 안함,호감작 안함,,,,,,,,,,,,,,
,,,,,,,,,X,미획득,스작 안함,호감작 안함,,,,,,,,,,,,,,
,,,,,,,,,X,미획득,스작 안함,호감작 안함,,,,,,,,,,,,,,
,,,,,,,,,X,미획득,스작 안함,호감작 안함,,,,,,,,,,,,,,
,,,,,,,,,X,미획득,스작 안함,호감작 안함,,,,,,,,,,,,,,
,,,,,,,,,X,미획득,스작 안함,호감작 안함,,,,,,,,,,,,,,
,,,,,,,,,X,미획득,스작 안함,호감작 안함,,,,,,,,,,,,,,
,,,,,,,,,X,미획득,스작 안함,호감작 안함,,,,,,,,,,,,,,
,,,,,,,,,X,미획득,스작 안함,호감작 안함,,,,,,,,,,,,,,
,,,,,,,,,X,미획득,스작 안함,호감작 안함,,,,,,,,,,,,,,
,,,,,,,,,X,미획득,스작 안함,호감작 안함,,,,,,,,,,,,,,
,,,,,,,,,X,미획득,스작 안함,호감작 안함,,,,,,,,,,,,,,
,,,,,,,,,X,미획득,스작 안함,호감작 안함,,,,,,,,,,,,,,
,,,,,,,,,X,미획득,스작 안함,호감작 안함,,,,,,,,,,,,,,
,,,,,,,,,X,미획득,스작 안함,호감작 안함,,,,,,,,,,,,,,
,,,,,,,,,X,미획득,스작 안함,호감작 안함,,,,,,,,,,,,,,
,,,,,,,,,X,미획득,스작 안함,호감작 안함,,,,,,,,,,,,,,
,,,,,,,,,X,미획득,스작 안함,호감작 안함,,,,,,,,,,,,,,
,,,,,,,,,X,미획득,스작 안함,호감작 안함,,,,,,,,,,,,,,
,,,,,,,,,X,미획득,스작 안함,호감작 안함,,,,,,,,,,,,,,
,,,,,,,,,X,미획득,스작 안함,호감작 안함,,,,,,,,,,,,,,
,,,,,,,,,X,미획득,스작 안함,호감작 안함,,,,,,,,,,,,,,
,,,,,,,,,X,미획득,스작 안함,호감작 안함,,,,,,,,,,,,,,
,,,,,,,,,X,미획득,스작 안함,호감작 안함,,,,,,,,,,,,,,
,,,,,,,,,X,미획득,스작 안함,호감작 안함,,,,,,,,,,,,,,
,,,,,,,,,X,미획득,스작 안함,호감작 안함,,,,,,,,,,,,,,
,,,,,,,,,X,미획득,스작 안함,호감작 안함,,,,,,,,,,,,,,
,,,,,,,,,X,미획득,스작 안함,호감작 안함,,,,,,,,,,,,,,
,,,,,,,,,X,미획득,스작 안함,호감작 안함,,,,,,,,,,,,,,
,,,,,,,,,X,미획득,스작 안함,호감작 안함,,,,,,,,,,,,,,
,,,,,,,,,X,미획득,스작 안함,호감작 안함,,,,,,,,,,,,,,
,,,,,,,,,X,미획득,스작 안함,호감작 안함,,,,,,,,,,,,,,
,,,,,,,,,X,미획득,스작 안함,호감작 안함,,,,,,,,,,,,,,
,,,,,,,,,X,미획득,스작 안함,호감작 안함,,,,,,,,,,,,,,
,,,,,,,,,X,미획득,스작 안함,호감작 안함,,,,,,,,,,,,,,
,,,,,,,,,X,미획득,스작 안함,호감작 안함,,,,,,,,,,,,,,
,,,,,,,,,X,미획득,스작 안함,호감작 안함,,,,,,,,,,,,,,
,,,,,,,,,X,미획득,스작 안함,호감작 안함,,,,,,,,,,,,,,
,,,,,,,,,X,미획득,스작 안함,호감작 안함,,,,,,,,,,,,,,
,,,,,,,,,X,미획득,스작 안함,호감작 안함,,,,,,,,,,,,,,
,,,,,,,,,X,미획득,스작 안함,호감작 안함,,,,,,,,,,,,,,
,,,,,,,,,X,미획득,스작 안함,호감작 안함,,,,,,,,,,,,,,
,,,,,,,,,X,미획득,스작 안함,호감작 안함,,,,,,,,,,,,,,
,,,,,,,,,X,미획득,스작 안함,호감작 안함,,,,,,,,,,,,,,
,,,,,,,,,X,미획득,스작 안함,호감작 안함,,,,,,,,,,,,,,
,,,,,,,,,X,미획득,스작 안함,호감작 안함,,,,,,,,,,,,,,
,,,,,,,,,X,미획득,스작 안함,호감작 안함,,,,,,,,,,,,,,
,,,,,,,,,X,미획득,스작 안함,호감작 안함,,,,,,,,,,,,,,
,,,,,,,,,X,미획득,스작 안함,호감작 안함,,,,,,,,,,,,,,
,,,,,,,,,X,미획득,스작 안함,호감작 안함,,,,,,,,,,,,,,
,,,,,,,,,X,미획득,스작 안함,호감작 안함,,,,,,,,,,,,,,
,,,,,,,,,X,미획득,스작 안함,호감작 안함,,,,,,,,,,,,,,
,,,,,,,,,X,미획득,스작 안함,호감작 안함,,,,,,,,,,,,,,
,,,,,,,,,X,미획득,스작 안함,호감작 안함,,,,,,,,,,,,,,
,,,,,,,,,X,미획득,스작 안함,호감작 안함,,,,,,,,,,,,,,
,,,,,,,,,X,미획득,스작 안함,호감작 안함,,,,,,,,,,,,,,
,,,,,,,,,X,미획득,스작 안함,호감작 안함,,,,,,,,,,,,,,
,,,,,,,,,X,미획득,스작 안함,호감작 안함,,,,,,,,,,,,,,
,,,,,,,,,X,미획득,스작 안함,호감작 안함,,,,,,,,,,,,,,
,,,,,,,,,X,미획득,스작 안함,호감작 안함,,,,,,,,,,,,,,
,,,,,,,,,X,미획득,스작 안함,호감작 안함,,,,,,,,,,,,,,
,,,,,,,,,X,미획득,스작 안함,호감작 안함,,,,,,,,,,,,,,
,,,,,,,,,X,미획득,스작 안함,호감작 안함,,,,,,,,,,,,,,
,,,,,,,,,X,미획득,스작 안함,호감작 안함,,,,,,,,,,,,,,
,,,,,,,,,X,미획득,스작 안함,호감작 안함,,,,,,,,,,,,,,
,,,,,,,,,X,미획득,스작 안함,호감작 안함,,,,,,,,,,,,,,
,,,,,,,,,X,미획득,스작 안함,호감작 안함,,,,,,,,,,,,,,
,,,,,,,,,X,미획득,스작 안함,호감작 안함,,,,,,,,,,,,,,
,,,,,,,,,X,미획득,스작 안함,호감작 안함,,,,,,,,,,,,,,
,,,,,,,,,X,미획득,스작 안함,호감작 안함,,,,,,,,,,,,,,
,,,,,,,,,X,미획득,스작 안함,호감작 안함,,,,,,,,,,,,,,
,,,,,,,,,X,미획득,스작 안함,호감작 안함,,,,,,,,,,,,,,
,,,,,,,,,X,미획득,스작 안함,호감작 안함,,,,,,,,,,,,,,
,,,,,,,,,X,미획득,스작 안함,호감작 안함,,,,,,,,,,,,,,
,,,,,,,,,X,미획득,스작 안함,호감작 안함,,,,,,,,,,,,,,
,,,,,,,,,X,미획득,스작 안함,호감작 안함,,,,,,,,,,,,,,
,,,,,,,,,X,미획득,스작 안함,호감작 안함,,,,,,,,,,,,,,
,,,,,,,,,X,미획득,스작 안함,호감작 안함,,,,,,,,,,,,,,
,,,,,,,,,X,미획득,스작 안함,호감작 안함,,,,,,,,,,,,,,
,,,,,,,,,X,미획득,스작 안함,호감작 안함,,,,,,,,,,,,,,
,,,,,,,,,X,미획득,스작 안함,호감작 안함,,,,,,,,,,,,,,
,,,,,,,,,X,미획득,스작 안함,호감작 안함,,,,,,,,,,,,,,
,,,,,,,,,X,미획득,스작 안함,호감작 안함,,,,,,,,,,,,,,
,,,,,,,,,X,미획득,스작 안함,호감작 안함,,,,,,,,,,,,,,
,,,,,,,,,X,미획득,스작 안함,호감작 안함,,,,,,,,,,,,,,
,,,,,,,,,X,미획득,스작 안함,호감작 안함,,,,,,,,,,,,,,