source,sourceLabel,audience,tier,sheetGroup,name,id,rarity,faction,shipType,roleNote,row,column
main,메인해역,벽청년 이상,SS,구축 DD,Z52,670,UR,철혈,구축,딜탱 / 보조 / 힐,7,2
main,메인해역,벽청년 이상,SS,구축 DD,라피Ⅱ,615,UR,유니온,구축,탱 / 대잠 / 대공,7,4
main,메인해역,벽청년 이상,SS,구축 DD,윌리엄 D 포터,12,UR,유니온,구축,만능 육각형,7,6
main,메인해역,벽청년 이상,SS,경순 CL,시만토,P029,SSR,중앵,경순,"균형잡힌 공방
유틸 + 짤힐",7,12
main,메인해역,벽청년 이상,SS,경순 CL,드 제번 프로빈시엔,686,SSR,튤리퍼,경순,최상위 대공 + 힐,7,14
main,메인해역,벽청년 이상,SS,경순 CL,샌디에이고,36,SSR,유니온,경순,상위 대공 성능,7,22
main,메인해역,벽청년 이상,SS,중순 / 대순 CA,괌,616,UR,유니온,대순,"최상급 대공
최상급 탱킹",7,24
main,메인해역,벽청년 이상,SS,중순 / 대순 CA,하우덴 리우,P042,UR,튤리퍼,중순,"탱 / 딜 / 보조 / 힐
꽉찬 육각형",7,26
main,메인해역,벽청년 이상,SS,버퍼 / 디버퍼,엘드릿지,28,SSR,유니온,구축,"전열 탱 보조 1황
구축 탱커 1황
개장 필요",7,36
main,메인해역,벽청년 이상,S,구축 DD,트라팔가,689,UR,로열,구축,대공 / 지원탄막,11,8
main,메인해역,벽청년 이상,S,경순 CL,플리머스,P023,UR,로열,경순,"경순 딜러 1황
기함 전함 딜버프",11,12
main,메인해역,벽청년 이상,S,중순 / 대순 CA,브레스트,P027,UR,아이리스,대순,"쫄팟 보스팟
둘다 탱잘함",11,24
main,메인해역,벽청년 이상,S,중순 / 대순 CA,나폴리,P035,UR,사르데냐,중순,"실드 무시 딜러
탱커",11,26
main,메인해역,벽청년 이상,S,중순 / 대순 CA,에기르,P020,UR,철혈,대순,보스 전용 탱커,11,28
main,메인해역,벽청년 이상,S,중순 / 대순 CA,앵커리지,P018,SSR,유니온,중순,연막탄 탱킹 보조,11,30
main,메인해역,벽청년 이상,S,버퍼 / 디버퍼,잔 다르크,454,SSR,아이리스,경순,탱커 보조,11,36
main,메인해역,벽청년 이상,A+,구축 DD,펠릭스 슐츠,P030,SSR,철혈,구축,탱커 2황,15,2
main,메인해역,벽청년 이상,A+,경순 CL,닝하이,258,SR,동황,경순,,15,13
main,메인해역,벽청년 이상,A+,경순 CL,얏센,257,SR,동황,경순,"태생 보딱 중
탱킹 1황",15,14
main,메인해역,벽청년 이상,A+,경순 CL,토키사키 쿠루미,Z155,SSR,데어라,경순,분신을 활용한 탱,15,16
main,메인해역,벽청년 이상,A+,중순 / 대순 CA,크론시타트,539,UR,노스유니온,대순,"무난하게 좋음
타함대 지원탄막",15,24
main,메인해역,벽청년 이상,A+,중순 / 대순 CA,체셔,P013,SSR,로열,중순,"대공요원 중
2등으로 단단함",15,26
main,메인해역,벽청년 이상,A+,중순 / 대순 CA,라라 사타린 데빌룩,Z111,SSR,투러브,중순,"튼튼한 서포터형
드레이크",15,28
main,메인해역,벽청년 이상,A+,중순 / 대순 CA,야토가미 토카,Z151,SSR,데어라,중순,"기함보호
3번자리 딜러",15,30
main,메인해역,벽청년 이상,A+,중순 / 대순 CA,힌덴부르크,P031,UR,철혈,중순,전열 딜러 1황,15,32
main,메인해역,벽청년 이상,A+,중순 / 대순 CA,운젠,605,UR,중앵,중순,전열 딜러 2황,15,34
main,메인해역,벽청년 이상,A+,버퍼 / 디버퍼,허먼Ⅱ,576,SR,유니온,구축,"대공 / 대잠
공습선도 + 기함보호",15,36
main,메인해역,벽청년 이상,A,구축 DD,잉그레이엄,518,SSR,유니온,구축,대공 / 기타보조,19,2
main,메인해역,벽청년 이상,A,구축 DD,오토 폰 알벤슬레벤,590,SSR,철혈,구축,무난한 탱커,19,4
main,메인해역,벽청년 이상,A,구축 DD,저비스,550,SSR,로열,구축,,19,5
main,메인해역,벽청년 이상,A,구축 DD,모가도르,642,UR,비시아,구축,3번 자리 딜러,19,6
main,메인해역,벽청년 이상,A,구축 DD,유키카제,166,SSR,중앵,구축,무난한 탱커 / 불사,19,8
main,메인해역,벽청년 이상,A,경순 CL,하얼빈,P025,SSR,동황,경순,"높은 공격력
연막탄",19,12
main,메인해역,벽청년 이상,A,경순 CL,노시로,322,SSR,중앵,경순,경장 방뢰요원,19,14
main,메인해역,벽청년 이상,A,경순 CL,아스카,Z101,SSR,섬란 카구라,경순,경순 드레이크,19,16
main,메인해역,벽청년 이상,A,경순 CL,바야르,P037,SSR,아이리스,경순,"5초 무적
준최상급 딜링",19,20
main,메인해역,벽청년 이상,A,경순 CL,류 리온,Z142,SSR,던만추,경순,"준최상급 
3번자리 딜러",19,22
main,메인해역,벽청년 이상,A,중순 / 대순 CA,브렌누스,643,SSR,아이리스,중순,고성능 대체 탱커들,19,24
main,메인해역,벽청년 이상,A,중순 / 대순 CA,프리드리히 카를,640,SSR,철혈,중순,,19,25
main,메인해역,벽청년 이상,A,중순 / 대순 CA,아즈마,P010,UR,중앵,대순,,19,26
main,메인해역,벽청년 이상,A,중순 / 대순 CA,론(µ장비),479,SSR,철혈,중순,,19,27
main,메인해역,벽청년 이상,A,중순 / 대순 CA,드레이크,P014,UR,로열,중순,고출력 중순 표준,19,28
main,메인해역,벽청년 이상,A,중순 / 대순 CA,피츠버그,655,SSR,유니온,중순,딜탱 다 잘함 + 파갑,19,30
main,메인해역,벽청년 이상,A,중순 / 대순 CA,볼티모어,50,SSR,유니온,중순,"미항팟 항공 버퍼
무난한 탱킹",19,32
main,메인해역,벽청년 이상,A,중순 / 대순 CA,이부키,P003,SSR,중앵,중순,쫄팟/단기전의 신,19,34
main,메인해역,벽청년 이상,A,버퍼 / 디버퍼,카자구모,517,SSR,중앵,구축,"공습선도 1황
14지에서 좋음",19,36
main,메인해역,벽청년 이상,A,버퍼 / 디버퍼,스킬라,584,SSR,로열,경순,대공 + 항공뎀증,19,38
main,메인해역,벽청년 이상,A,버퍼 / 디버퍼,글로스터,113,SR,로열,경순,"디버프 완화 (14지)
15지 사용불가",19,40
main,메인해역,벽청년 이상,A,버퍼 / 디버퍼,라임,710,SSR,템페스타,범선,탄약 + 1,19,42
main,메인해역,벽청년 이상,B+,구축 DD,알렌 M. 섬너,508,SSR,유니온,구축,대공,23,2
main,메인해역,벽청년 이상,B+,구축 DD,안샨,253,SR,동황,구축,경장 특화,23,8
main,메인해역,벽청년 이상,B+,구축 DD,타이위안,256,SR,동황,구축,,23,9
main,메인해역,벽청년 이상,B+,구축 DD,카와카제(META),M049,SSR,META,구축,"높은 공격력
순양함 대항 특화",23,10
main,메인해역,벽청년 이상,B+,경순 CL,휴스턴Ⅱ,609,SSR,유니온,경순,무난하게 좋은 성능,23,12
main,메인해역,벽청년 이상,B+,경순 CL,산타페,683,SSR,유니온,경순,,23,13
main,메인해역,벽청년 이상,B+,경순 CL,차파예프,436,SSR,노스유니온,경순,,23,17
main,메인해역,벽청년 이상,B+,경순 CL,아마미 하루카,Z071,SSR,아이마스,경순,"콜라보 경순
쫄팟기용",23,18
main,메인해역,벽청년 이상,B+,경순 CL,타카라다 릿카,Z081,SSR,그리드맨,경순,,23,19
main,메인해역,벽청년 이상,B+,경순 CL,넵튠,P001,SSR,로열,경순,탱 경순,23,22
main,메인해역,벽청년 이상,B+,경순 CL,마인츠,P015,SSR,철혈,경순,,23,23
main,메인해역,벽청년 이상,B+,중순 / 대순 CA,미나미 유메,Z085,SSR,그리드맨,중순,"위의 A+급 없을때 대체 메인 or 서브탱커 추천 라인업
(왼쪽에 있을수록 우선순위 높음)",23,24
main,메인해역,벽청년 이상,B+,중순 / 대순 CA,프린츠 오이겐,244,SSR,철혈,중순,,23,25
main,메인해역,벽청년 이상,B+,중순 / 대순 CA,차라,413,SSR,사르데냐,중순,,23,26
main,메인해역,벽청년 이상,B+,중순 / 대순 CA,블뤼허,243,SSR,철혈,중순,,23,27
main,메인해역,벽청년 이상,B+,중순 / 대순 CA,샌프란시스코,512,SSR,유니온,중순,,23,28
main,메인해역,벽청년 이상,B+,중순 / 대순 CA,하구로,199,SR,중앵,중순,,23,29
main,메인해역,벽청년 이상,B+,중순 / 대순 CA,칼라 이데아스,Z096,SSR,라이자,대순,,23,31
main,메인해역,벽청년 이상,B+,중순 / 대순 CA,미니애폴리스,364,SSR,유니온,중순,쫄팟 A+급 탱커,23,32
main,메인해역,벽청년 이상,B+,중순 / 대순 CA,생 루이,P006,SSR,아이리스,중순,3번 자리 딜러,23,34
main,메인해역,벽청년 이상,B+,버퍼 / 디버퍼,헬레나,33,SR,유니온,경순,레이더 탐지,23,36
main,메인해역,벽청년 이상,B+,버퍼 / 디버퍼,노샘프턴Ⅱ,575,SSR,유니온,중순,미국 전열/항공 버퍼,23,38
main,메인해역,벽청년 이상,B+,버퍼 / 디버퍼,후부키,151,SR,중앵,구축,구축 버프,23,39
main,메인해역,벽청년 이상,B+,버퍼 / 디버퍼,클래런스 K 브론슨,718,SR,유니온,구축,"공습선도, 대잠",23,40
main,메인해역,벽청년 이상,B+,버퍼 / 디버퍼,팬시,665,SSR,템페스타,범선,탄약 + 1,23,42
main,메인해역,벽청년 이상,B,구축 DD,글로우웜,94,SR,로열,구축,"무난한
3번자리 딜러",27,2
main,메인해역,벽청년 이상,B,구축 DD,르 아르디,701,SSR,아이리스,구축,,27,6
main,메인해역,벽청년 이상,B,구축 DD,오그네보이,626,SSR,노스유니온,구축,전열 짤힐,27,8
main,메인해역,벽청년 이상,B,구축 DD,찰스 오스본,13,SR,유니온,구축,"기동 / 항속
탱 보조",27,10
main,메인해역,벽청년 이상,B,경순 CL,마르세예즈,598,SSR,비시아,경순,버퍼 겸 3번 자리 딜러,27,14
main,메인해역,벽청년 이상,B,경순 CL,기샹,603,SSR,아이리스,경순,,27,15
main,메인해역,벽청년 이상,B,경순 CL,보로실로프,588,SSR,노스유니온,경순,"포격 버프
탱 경순",27,22
main,메인해역,벽청년 이상,B,중순 / 대순 CA,탈린,496,SSR,노스유니온,중순,"차선급 대체 탱커 라인업
(왼쪽에 있을수록 우선순위 높음)",27,24
main,메인해역,벽청년 이상,B,중순 / 대순 CA,치쿠마,195,SSR,중앵,중순,,27,25
main,메인해역,벽청년 이상,B,중순 / 대순 CA,프린츠 아달베르트,527,SSR,철혈,중순,,27,26
main,메인해역,벽청년 이상,B,중순 / 대순 CA,프린츠 하인리히,483,SSR,철혈,중순,,27,27
main,메인해역,벽청년 이상,B,중순 / 대순 CA,포틀랜드,44,R,유니온,중순,,27,29
main,메인해역,벽청년 이상,B,중순 / 대순 CA,이카루가,Z102,SSR,섬란 카구라,중순,3번 자리 딜러,27,32
main,메인해역,벽청년 이상,B,버퍼 / 디버퍼,시리우스,371,SSR,로열,경순,"항모 버퍼
죽어도 버프유지",27,36
main,메인해역,벽청년 이상,B,버퍼 / 디버퍼,오로라,118,SR,로열,경순,경장 상대버퍼,27,38
main,메인해역,벽청년 이상,B,버퍼 / 디버퍼,벨로나,551,SR,로열,경순,공습 선도,27,40
main,메인해역,벽청년 이상,B,버퍼 / 디버퍼,스테판 포터,509,SR,유니온,구축,,27,41
main,메인해역,벽청년 이상,B,버퍼 / 디버퍼,골든 하인드,610,SSR,템페스타,범선,탄약 + 1,27,42
main,메인해역,벽청년 이상,SS,메인 힐러,유니콘,142,SR,로열,경항모,"쫄팟, 광역힐
선장전",34,2
main,메인해역,벽청년 이상,SS,서브 힐러,즈이호,221,SSR,중앵,경항모,신세대의 힐러,34,4
main,메인해역,벽청년 이상,SS,"항모 CV, 경항모 CVL",아퀼라,502,SSR,사르데냐,항모,"쫄 보스 딜러
서브 힐러",34,8
main,메인해역,벽청년 이상,SS,"전함 BB, 순전 BC",무사시,217,UR,중앵,전함,"후열 보호
아퀼라와 시너지",34,22
main,메인해역,벽청년 이상,SS,"전함 BB, 순전 BC",라파엘로,678,UR,사르데냐,전함,"스마트 힐
실드",34,26
main,메인해역,벽청년 이상,SS,"전함 BB, 순전 BC",비스마르크 Zwei,593,UR,철혈,전함,"탄약 오링 완화
소환",34,30
main,메인해역,벽청년 이상,SS,"전함 BB, 순전 BC",라이온,138,UR,로열,전함,"높은 공격력
+ 강력한 범위딜",34,34
main,메인해역,벽청년 이상,SS,잠수 SS,이404,705,UR,중앵,잠수항모,최강 잠수함,34,38
main,메인해역,벽청년 이상,S,메인 힐러,클라우디아 발렌츠,Z092,SSR,라이자,경항모,"쫄팟 힐러
기믹 실드+힐",38,2
main,메인해역,벽청년 이상,S,서브 힐러,카우펜스,716,SSR,유니온,경항모,"높은 공격력
딸피 스마트 힐",38,4
main,메인해역,벽청년 이상,S,"항모 CV, 경항모 CVL",렉싱턴Ⅱ,715,UR,유니온,항모,높은 제공권/생존력,38,6
main,메인해역,벽청년 이상,S,"항모 CV, 경항모 CVL",인디펜던스,377,SR,유니온,경항모,"제공권 + 반장전
타함대 항공버프",38,8
main,메인해역,벽청년 이상,S,"전함 BB, 순전 BC",프리드리히 데어 그로세,P011,UR,철혈,전함,쫄 보스 둘다 잘함,38,20
main,메인해역,벽청년 이상,S,"전함 BB, 순전 BC",뉴저지,68,UR,유니온,전함,"보스전 특화
강한 대공",38,22
main,메인해역,벽청년 이상,S,"전함 BB, 순전 BC",알자스,641,UR,아이리스,전함,"수동시 SS
선장전",38,24
main,메인해역,벽청년 이상,S,"전함 BB, 순전 BC",메클렌부르크,P039,UR,철혈,전함,높은 공격력,38,26
main,메인해역,벽청년 이상,A+,메인 힐러,퍼시어스,462,SSR,로열,경항모,"이중 선장전
타함대 힐",42,2
main,메인해역,벽청년 이상,A+,서브 힐러,볼가,538,SSR,노스유니온,항모,대체 서브힐러,42,4
main,메인해역,벽청년 이상,A+,서브 힐러,류호,426,SSR,중앵,경항모,,42,5
main,메인해역,벽청년 이상,A+,"항모 CV, 경항모 CVL",요크타운Ⅱ,574,UR,유니온,항모,2 전투기 + 제공권,42,6
main,메인해역,벽청년 이상,A+,"항모 CV, 경항모 CVL",임플래커블,581,UR,로열,항모,,42,8
main,메인해역,벽청년 이상,A+,"항모 CV, 경항모 CVL",어드미럴 나히모프,P036,UR,노스유니온,항모,제공권 GOAT,42,10
main,메인해역,벽청년 이상,A+,"항모 CV, 경항모 CVL",프리츠 루메이,669,UR,철혈,항모,"전투기 8대
특수 부포 + 대공",42,12
main,메인해역,벽청년 이상,A+,"항모 CV, 경항모 CVL",에식스,357,SSR,유니온,항모,"항공피해감소 / 
타함대 지원",42,14
main,메인해역,벽청년 이상,A+,"전함 BB, 순전 BC",소비에츠키 소유즈,438,UR,노스유니온,전함,"광역딜, 좋은 탄막
후열 딜 보충",42,20
main,메인해역,벽청년 이상,A+,"전함 BB, 순전 BC",키어사지,P028,UR,유니온,항전,"아군 딜 증가
보스 팟 특화",42,22
main,메인해역,벽청년 이상,A+,"전함 BB, 순전 BC",울리히 폰 후텐,529,UR,철혈,전함,쫄 보스 둘다 잘함,42,24
main,메인해역,벽청년 이상,A+,"전함 BB, 순전 BC",뱅가드,137,UR,로열,전함,전함 최강 버퍼,42,26
main,메인해역,벽청년 이상,A+,"전함 BB, 순전 BC",타마키,Z069,SSR,DOAX VV,순전,쫄 보스 둘 다 잘함,42,30
main,메인해역,벽청년 이상,A+,잠수 SS,레오나르도 다 빈치,558,SSR,사르데냐,잠수,,42,39
main,메인해역,벽청년 이상,A,메인 힐러,일러스트리어스,145,SSR,로열,항모,대체 메인힐러,46,2
main,메인해역,벽청년 이상,A,메인 힐러,쇼호,222,R,중앵,경항모,,46,3
main,메인해역,벽청년 이상,A,서브 힐러,팽르베,599,SSR,아이리스,항모,대체 서브힐러,46,4
main,메인해역,벽청년 이상,A,"항모 CV, 경항모 CVL",시나노,231,UR,중앵,항모,"높은 DPS
일항팟",46,6
main,메인해역,벽청년 이상,A,"항모 CV, 경항모 CVL",토비이치 오리가미,Z152,SSR,데어라,항모,"3 장갑 다 잘팸
높은 탱킹력",46,8
main,메인해역,벽청년 이상,A,"항모 CV, 경항모 CVL",샹그릴라,378,SSR,유니온,항모,,46,11
main,메인해역,벽청년 이상,A,"항모 CV, 경항모 CVL",아마기,367,SSR,중앵,순전,"강한 딜
보조 유틸",46,16
main,메인해역,벽청년 이상,A,"항모 CV, 경항모 CVL",키사라기 치하야,Z072,SSR,아이마스,항모,반장전,46,18
main,메인해역,벽청년 이상,A,"전함 BB, 순전 BC",오와리,606,SSR,중앵,전함,,46,23
main,메인해역,벽청년 이상,A,"전함 BB, 순전 BC",오미,706,SSR,중앵,전함,"개전 탄막
준 최강 딜러",46,24
main,메인해역,벽청년 이상,A,"전함 BB, 순전 BC",후부키,151,SR,중앵,구축,오와리 하위호환,46,26
main,메인해역,벽청년 이상,A,"전함 BB, 순전 BC",컨스텔레이션,617,SSR,유니온,순전,,46,27
main,메인해역,벽청년 이상,A,"전함 BB, 순전 BC",프린츠 루프레히트,P024,SSR,철혈,순전,딜 높음 + 탱 보조,46,28
main,메인해역,벽청년 이상,A,"전함 BB, 순전 BC",인디애나,66,SSR,유니온,전함,,46,29
main,메인해역,벽청년 이상,A,"전함 BB, 순전 BC",모나크,P002,SSR,로열,전함,"안정적인 탄막
높은 공격력",46,32
main,메인해역,벽청년 이상,A,"전함 BB, 순전 BC",파트리샤 아벨하임,Z093,SSR,라이자,전함,무난한 쫄팟 성능,46,34
main,메인해역,벽청년 이상,A,"전함 BB, 순전 BC",신죠 아카네,Z082,SSR,그리드맨,전함,,46,35
main,메인해역,벽청년 이상,A,잠수 SS,호무라,Z103,SSR,섬란 카구라,잠수,"대체 잠수함
U-552는 생존이슈로
메인해역에선 낮게 위치",46,36
main,메인해역,벽청년 이상,A,잠수 SS,U-552,695,SSR,철혈,잠수,"<<<<
로열 포춘",46,37
main,메인해역,벽청년 이상,B+,메인 힐러,노스캐롤라이나,63,SSR,유니온,전함,"힐하는 전함
13지 전열작",50,2
main,메인해역,벽청년 이상,B+,서브 힐러,요시노,Z154,SSR,데어라,경항모,소량힐,50,4
main,메인해역,벽청년 이상,B+,"항모 CV, 경항모 CVL",치칼로프,P026,SSR,노스유니온,항모,,50,7
main,메인해역,벽청년 이상,B+,"항모 CV, 경항모 CVL",알비온,570,SSR,로열,경항모,"보호막, 영국 시너지
4 폭격기",50,8
main,메인해역,벽청년 이상,B+,"항모 CV, 경항모 CVL",부아 벨루,699,SSR,아이리스,경항모,"반장전, 쫄팟 특화",50,12
main,메인해역,벽청년 이상,B+,"항모 CV, 경항모 CVL",루나,Z068,SSR,DOAX VV,경항모,,50,13
main,메인해역,벽청년 이상,B+,"항모 CV, 경항모 CVL",타이콘데로가,511,SSR,유니온,항모,무난한 미항모,50,14
main,메인해역,벽청년 이상,B+,"항모 CV, 경항모 CVL",센토,356,SSR,로열,경항모,"무난하게 강한 딜
2 전투기",50,16
main,메인해역,벽청년 이상,B+,"항모 CV, 경항모 CVL",임페로,540,SSR,사르데냐,항모,,50,19
main,메인해역,벽청년 이상,B+,"전함 BB, 순전 BC",마르코 폴로,P022,SSR,사르데냐,전함,상위권 전함,50,20
main,메인해역,벽청년 이상,B+,"전함 BB, 순전 BC",자이틀리츠,543,SSR,철혈,순전,,50,21
main,메인해역,벽청년 이상,B+,"전함 BB, 순전 BC",워싱턴,64,SSR,유니온,전함,탄막 전함,50,22
main,메인해역,벽청년 이상,B+,"전함 BB, 순전 BC",카잔,685,SSR,노스유니온,전함,상위권 전함,50,26
main,메인해역,벽청년 이상,B+,"전함 BB, 순전 BC",건스웨이,664,SSR,템페스타,범선,,50,27
main,메인해역,벽청년 이상,B+,"전함 BB, 순전 BC",아드미랄 젠커,694,SSR,철혈,전함,"포격, 명중 버퍼
딜 보조 버프",50,30
main,메인해역,벽청년 이상,B+,"전함 BB, 순전 BC",캔자스,P038,SSR,유니온,전함,,50,31
main,메인해역,벽청년 이상,B+,"전함 BB, 순전 BC",콜로라도,60,SR,유니온,전함,빅 세븐 탄막,50,32
main,메인해역,벽청년 이상,B+,"전함 BB, 순전 BC",메릴랜드,61,SR,유니온,전함,,50,33
main,메인해역,벽청년 이상,B+,"전함 BB, 순전 BC",가스코뉴(µ장비),418,SSR,비시아,전함,수동 시 A+,50,34
main,메인해역,벽청년 이상,B,메인 힐러,애리조나,55,SR,유니온,전함,힐 전함 대체,54,2
main,메인해역,벽청년 이상,B,서브 힐러,호쇼,220,SR,중앵,경항모,후열 힐 항공 버퍼,54,4
main,메인해역,벽청년 이상,B,"항모 CV, 경항모 CVL",새러토가,74,SR,유니온,항모,폭격 범위딜,54,6
main,메인해역,벽청년 이상,B,"항모 CV, 경항모 CVL",테세우스,578,SSR,로열,경항모,중형/중갑 특화,54,8
main,메인해역,벽청년 이상,B,"항모 CV, 경항모 CVL",포미더블,147,SSR,로열,항모,,54,9
main,메인해역,벽청년 이상,B,"항모 CV, 경항모 CVL",호넷Ⅱ,572,SSR,유니온,항모,,54,13
main,메인해역,벽청년 이상,B,"항모 CV, 경항모 CVL",유미,Z104,SSR,섬란 카구라,항모,"그럭저럭 강한
금딱 콜라보 항모",54,16
main,메인해역,벽청년 이상,B,"항모 CV, 경항모 CVL",롱 아일랜드,70,R,유니온,경항모,"불안정 딜러
약한 몸",54,18
main,메인해역,벽청년 이상,B,"전함 BB, 순전 BC",비토리오 베네토,500,SSR,사르데냐,전함,사르데냐 전함,54,20
main,메인해역,벽청년 이상,B,"전함 BB, 순전 BC",로마,561,SSR,사르데냐,전함,,54,21
main,메인해역,벽청년 이상,B,"전함 BB, 순전 BC",브륀힐드,566,SSR,철혈,순전,,54,23
main,메인해역,벽청년 이상,B,"전함 BB, 순전 BC",플랑드르,P032,SSR,비시아,전함,,54,25
main,메인해역,벽청년 이상,B,"전함 BB, 순전 BC",아마기,367,SSR,중앵,순전,15-2 발사대,54,28
main,메인해역,벽청년 이상,B,"전함 BB, 순전 BC",앨라배마,401,SSR,유니온,전함,"안정적인 탱킹력
중형만 잘팸",54,30
main,메인해역,벽청년 이상,B,"전함 BB, 순전 BC",넬슨,132,SR,로열,전함,확정 발동 탄막,54,32
main,메인해역,벽청년 이상,B,"전함 BB, 순전 BC",후드,129,SSR,로열,순전,,54,33
main,메인해역,벽청년 이상,B,"전함 BB, 순전 BC",리슐리외,453,SSR,아이리스,전함,수동시 A,54,34
main,메인해역,벽청년 이상,B,"전함 BB, 순전 BC",클레망소,604,SSR,비시아,전함,,54,35
operation-siren,대작전,벽청년 이상,SS,구축 DD,트라팔가,689,UR,로열,구축,"범용적으로 쓰기 좋은
공격/포격 보조",7,4
operation-siren,대작전,벽청년 이상,SS,구축 DD,엘드릿지,28,SSR,유니온,구축,"전열 탱 보조 1황
구축 탱커 1황",7,6
operation-siren,대작전,벽청년 이상,SS,구축 DD,Z52,670,UR,철혈,구축,만능 육각형,7,8
operation-siren,대작전,벽청년 이상,SS,구축 DD,윌리엄 D 포터,12,UR,유니온,구축,"만능 육각형
미항팟 지원",7,10
operation-siren,대작전,벽청년 이상,SS,경순 CL,헬레나,33,SR,유니온,경순,레이더 탐지,7,20
operation-siren,대작전,벽청년 이상,SS,경순 CL,플리머스,P023,UR,로열,경순,"경순 딜러 1황
기함 전함 딜버프",7,22
operation-siren,대작전,벽청년 이상,SS,경순 CL,오로라,118,SR,로열,경순,대 경장갑 필살기,7,24
operation-siren,대작전,벽청년 이상,SS,중순 / 대순 CA,모스크바,727,UR,노스유니온,중순,"딜/탱/지원탄막
꽉찬 육각형",7,36
operation-siren,대작전,벽청년 이상,S+,구축 DD,모가도르,642,UR,비시아,구축,"알자스덱
3번 자리 딜러",11,2
operation-siren,대작전,벽청년 이상,S+,구축 DD,카자구모,517,SSR,중앵,구축,"생존 보장시
공습선도 1황",11,4
operation-siren,대작전,벽청년 이상,S+,경순 CL,차파예프,436,SSR,노스유니온,경순,구축함 상대,11,18
operation-siren,대작전,벽청년 이상,S+,중순 / 대순 CA,운젠,605,UR,중앵,중순,전열 딜러 2황,11,36
operation-siren,대작전,벽청년 이상,S+,중순 / 대순 CA,하우덴 리우,P042,UR,튤리퍼,중순,"대경장 보스전 딜러
쫄팟에도 쓰기 좋음",11,38
operation-siren,대작전,벽청년 이상,S,구축 DD,라피Ⅱ,615,UR,유니온,구축,"미항팟
탱 / 딜 / 유틸",15,2
operation-siren,대작전,벽청년 이상,S,구축 DD,안샨,253,SR,동황,구축,"경장 특화
쫄팟 특화",15,4
operation-siren,대작전,벽청년 이상,S,구축 DD,할포드,P033,SSR,유니온,구축,"15초 주기
포격 버프",15,6
operation-siren,대작전,벽청년 이상,S,경순 CL,시리우스,371,SSR,로열,경순,"항모 버퍼
죽어도 버프유지",15,18
operation-siren,대작전,벽청년 이상,S,경순 CL,산타페,683,SSR,유니온,경순,"높은 공격력
조명탄",15,20
operation-siren,대작전,벽청년 이상,S,경순 CL,아브로라,262,SSR,노스유니온,경순,전열 화력 버프,15,24
operation-siren,대작전,벽청년 이상,S,경순 CL,와타라세,661,SSR,중앵,경순,최강 쫄팟 요원,15,34
operation-siren,대작전,벽청년 이상,S,중순 / 대순 CA,에기르,P020,UR,철혈,대순,보스 전용 탱커,15,36
operation-siren,대작전,벽청년 이상,S,중순 / 대순 CA,힌덴부르크,P031,UR,철혈,중순,전열 딜러 1황,15,38
operation-siren,대작전,벽청년 이상,S,중순 / 대순 CA,괌,616,UR,유니온,대순,"파갑, 대공, 탱킹",15,40
operation-siren,대작전,벽청년 이상,S,중순 / 대순 CA,생 루이,P006,SSR,아이리스,중순,"알자스 덱
경장 딜러용",15,44
operation-siren,대작전,벽청년 이상,S,중순 / 대순 CA,이부키,P003,SSR,중앵,중순,쫄팟/단기전의 신,15,50
operation-siren,대작전,벽청년 이상,A+,구축 DD,타이위안,256,SR,동황,구축,높은 공격력 / 미구,19,2
operation-siren,대작전,벽청년 이상,A+,구축 DD,푸슌,254,SR,동황,구축,,19,4
operation-siren,대작전,벽청년 이상,A+,구축 DD,펠릭스 슐츠,P030,SSR,철혈,구축,탱커 2황,19,6
operation-siren,대작전,벽청년 이상,A+,구축 DD,저비스,550,SSR,로열,구축,탱커 / 전열버프,19,8
operation-siren,대작전,벽청년 이상,A+,구축 DD,타슈켄트,433,SSR,노스유니온,구축,"북련팟 (나히모프)
감속셔틀",19,10
operation-siren,대작전,벽청년 이상,A+,경순 CL,바야르,P037,SSR,아이리스,경순,"5초 무적
준최상급 딜링",19,18
operation-siren,대작전,벽청년 이상,A+,경순 CL,하얼빈,P025,SSR,동황,경순,"쫄팟 딜러
연막탄",19,20
operation-siren,대작전,벽청년 이상,A+,경순 CL,키로프,435,SSR,노스유니온,경순,개전 공격 및 지원,19,22
operation-siren,대작전,벽청년 이상,A+,경순 CL,키로프(META),M028,SSR,META,경순,,19,23
operation-siren,대작전,벽청년 이상,A+,경순 CL,보로실로프,588,SSR,노스유니온,경순,후열 보조,19,26
operation-siren,대작전,벽청년 이상,A+,경순 CL,유키노,Z995,SSR,DOAX VV,경순,,19,27
operation-siren,대작전,벽청년 이상,A+,경순 CL,드미트리 돈스코이,P041,SSR,노스유니온,경순,철갑탄 공증 지원,19,28
operation-siren,대작전,벽청년 이상,A+,경순 CL,스위프트슈어,393,SSR,로열,경순,확률적 명중 지원,19,30
operation-siren,대작전,벽청년 이상,A+,경순 CL,토키사키 쿠루미,Z155,SSR,데어라,경순,불안정한 보조,19,34
operation-siren,대작전,벽청년 이상,A+,중순 / 대순 CA,브레스트,P027,UR,아이리스,대순,"쫄팟용 탱커
알자스 팟 S+",19,36
operation-siren,대작전,벽청년 이상,A+,중순 / 대순 CA,나폴리,P035,UR,사르데냐,중순,존나 튼튼함,19,38
operation-siren,대작전,벽청년 이상,A+,중순 / 대순 CA,앵커리지,P018,SSR,유니온,중순,연막탄 탱킹 보조,19,40
operation-siren,대작전,벽청년 이상,A+,중순 / 대순 CA,피츠버그,655,SSR,유니온,중순,딜탱 다 잘함 + 파갑,19,42
operation-siren,대작전,벽청년 이상,A+,중순 / 대순 CA,야토가미 토카,Z151,SSR,데어라,중순,"기함보호
3번자리 딜러",19,44
operation-siren,대작전,벽청년 이상,A,구축 DD,창춘,255,SR,동황,구축,미구 / 북련 보조,23,2
operation-siren,대작전,벽청년 이상,A,구축 DD,유다치,164,SSR,중앵,구축,3번 자리 뇌장딜러,23,6
operation-siren,대작전,벽청년 이상,A,구축 DD,브리스톨,533,SSR,유니온,구축,"20초 주기
명중 버퍼",23,10
operation-siren,대작전,벽청년 이상,A,구축 DD,로데슈,653,SSR,비시아,구축,"알자스팟
3번 자리 딜러",23,12
operation-siren,대작전,벽청년 이상,A,구축 DD,후부키,151,SR,중앵,구축,"구축 버프
쓴다면 14지",23,14
operation-siren,대작전,벽청년 이상,A,구축 DD,스테판 포터,509,SR,유니온,구축,,23,17
operation-siren,대작전,벽청년 이상,A,경순 CL,시만토,P029,SSR,중앵,경순,3번 자리 딜러,23,18
operation-siren,대작전,벽청년 이상,A,경순 CL,류 리온,Z142,SSR,던만추,경순,준최상급 딜러,23,20
operation-siren,대작전,벽청년 이상,A,경순 CL,리노,445,SSR,유니온,경순,,23,21
operation-siren,대작전,벽청년 이상,A,경순 CL,샌디에이고,36,SSR,유니온,경순,경순 딜러 2황,23,22
operation-siren,대작전,벽청년 이상,A,경순 CL,스킬라,584,SSR,로열,경순,대공 + 항공뎀증,23,24
operation-siren,대작전,벽청년 이상,A,경순 CL,파고,657,SSR,유니온,경순,"무난하게 좋은
프랑스 함순이들",23,26
operation-siren,대작전,벽청년 이상,A,경순 CL,기샹,603,SSR,아이리스,경순,,23,27
operation-siren,대작전,벽청년 이상,A,경순 CL,잉 루이,493,SR,동황,경순,"2,3번 자리 딜러",23,28
operation-siren,대작전,벽청년 이상,A,경순 CL,차오 호,494,SR,동황,경순,,23,29
operation-siren,대작전,벽청년 이상,A,경순 CL,클리블랜드,37,SR,유니온,경순,"확률적 아군 전체
데미지 증가",23,30
operation-siren,대작전,벽청년 이상,A,경순 CL,라임,710,SSR,템페스타,범선,대경장 딜탱,23,32
operation-siren,대작전,벽청년 이상,A,중순 / 대순 CA,크론시타트,539,UR,노스유니온,대순,"무난하게 좋음
타함대 지원탄막",23,36
operation-siren,대작전,벽청년 이상,A,중순 / 대순 CA,라라 사타린 데빌룩,Z111,SSR,투러브,중순,"튼튼한 서포터형
드레이크",23,38
operation-siren,대작전,벽청년 이상,A,중순 / 대순 CA,볼티모어,50,SSR,유니온,중순,"미항팟 항공 버퍼
무난한 탱킹",23,40
operation-siren,대작전,벽청년 이상,A,중순 / 대순 CA,노샘프턴Ⅱ,575,SSR,유니온,중순,미국 전열/항공 버퍼,23,42
operation-siren,대작전,벽청년 이상,A,중순 / 대순 CA,장우,725,SSR,동황,중순,"3번자리 딜러
스택형 보조",23,44
operation-siren,대작전,벽청년 이상,A,중순 / 대순 CA,프린츠 모리츠,737,SSR,철혈,중순,준수한 탱커 겸 딜러,23,46
operation-siren,대작전,벽청년 이상,A,중순 / 대순 CA,샌디,Z992,SSR,DOAX VV,중순,"3번 자리 딜러
약간의 유틸",23,48
operation-siren,대작전,벽청년 이상,B+,구축 DD,시마카제,268,UR,중앵,구축,3번자리 구축딜러,27,2
operation-siren,대작전,벽청년 이상,B+,구축 DD,글로우웜,94,SR,로열,구축,,27,6
operation-siren,대작전,벽청년 이상,B+,구축 DD,카와카제(META),M049,SSR,META,구축,,27,8
operation-siren,대작전,벽청년 이상,B+,구축 DD,Z47,649,SSR,철혈,구축,,27,9
operation-siren,대작전,벽청년 이상,B+,구축 DD,오조르노이,728,SSR,노스유니온,구축,,27,10
operation-siren,대작전,벽청년 이상,B+,구축 DD,르 말랭,394,SSR,비시아,구축,전열 보조,27,14
operation-siren,대작전,벽청년 이상,B+,구축 DD,아리아케,175,R,중앵,구축,보급형 공습 선도,27,16
operation-siren,대작전,벽청년 이상,B+,경순 CL,엠덴,547,SSR,철혈,경순,독일 포격 버프,27,18
operation-siren,대작전,벽청년 이상,B+,경순 CL,아마미 하루카,Z071,SSR,아이마스,경순,개전 공격 및 지원,27,20
operation-siren,대작전,벽청년 이상,B+,경순 CL,허마이오니,463,SSR,로열,경순,로열 시너지 필요함,27,22
operation-siren,대작전,벽청년 이상,B+,경순 CL,벨로나,551,SR,로열,경순,공습선도 + 대공,27,24
operation-siren,대작전,벽청년 이상,B+,경순 CL,컬루,373,R,로열,경순,,27,25
operation-siren,대작전,벽청년 이상,B+,경순 CL,아스카,Z101,SSR,섬란 카구라,경순,,27,26
operation-siren,대작전,벽청년 이상,B+,경순 CL,잔 다르크,454,SSR,아이리스,경순,탱커 보조,27,28
operation-siren,대작전,벽청년 이상,B+,경순 CL,노시로,322,SSR,중앵,경순,"무난한 공격력
방뢰요원",27,30
operation-siren,대작전,벽청년 이상,B+,경순 CL,얏센,257,SR,동황,경순,"확고한 탱킹능력
낮은 딜 기여도",27,32
operation-siren,대작전,벽청년 이상,B+,경순 CL,닝하이,258,SR,동황,경순,,27,34
operation-siren,대작전,벽청년 이상,B+,경순 CL,핑하이,259,SR,동황,경순,,27,35
operation-siren,대작전,벽청년 이상,B+,중순 / 대순 CA,아즈마,P010,UR,중앵,대순,탱커,27,36
operation-siren,대작전,벽청년 이상,B+,중순 / 대순 CA,드레이크,P014,UR,로열,중순,고출력 중순 표준,27,38
operation-siren,대작전,벽청년 이상,B+,중순 / 대순 CA,지엔우,674,SSR,동황,중순,동황 드레이크,27,40
operation-siren,대작전,벽청년 이상,B+,중순 / 대순 CA,프리드리히 카를,640,SSR,철혈,중순,"유사
드레이크",27,42
operation-siren,대작전,벽청년 이상,B+,중순 / 대순 CA,론(µ장비),479,SSR,철혈,중순,"딜탱
실드",27,44
operation-siren,대작전,벽청년 이상,B+,중순 / 대순 CA,브렌누스,643,SSR,아이리스,중순,"강력한
딜탱",27,46
operation-siren,대작전,벽청년 이상,B+,중순 / 대순 CA,런던,119,SR,로열,중순,전열 보조,27,48
operation-siren,대작전,벽청년 이상,B,구축 DD,오토 폰 알벤슬레벤,590,SSR,철혈,구축,구축 탱커,31,2
operation-siren,대작전,벽청년 이상,B,구축 DD,유키카제,166,SSR,중앵,구축,,31,4
operation-siren,대작전,벽청년 이상,B,구축 DD,르 아르디,701,SSR,아이리스,구축,"전열 선봉
아이리스 요구",31,6
operation-siren,대작전,벽청년 이상,B,구축 DD,오그네보이,626,SSR,노스유니온,구축,전열 짤힐,31,8
operation-siren,대작전,벽청년 이상,B,구축 DD,유구레,176,R,중앵,구축,공습 선도 (쩌리),31,10
operation-siren,대작전,벽청년 이상,B,구축 DD,아덴트,83,R,로열,구축,,31,11
operation-siren,대작전,벽청년 이상,B,구축 DD,헤이즐우드,365,R,유니온,구축,,31,12
operation-siren,대작전,벽청년 이상,B,구축 DD,벤슨,18,R,유니온,구축,,31,13
operation-siren,대작전,벽청년 이상,B,구축 DD,누비안,630,SSR,로열,구축,딜에 더 집중한 구축딜러,31,14
operation-siren,대작전,벽청년 이상,B,경순 CL,마르세예즈,598,SSR,비시아,경순,프랑스 보조,31,18
operation-siren,대작전,벽청년 이상,B,경순 CL,팬시,665,SSR,템페스타,범선,딜에 더 치중된 경순 딜러,31,20
operation-siren,대작전,벽청년 이상,B,경순 CL,라이잘린 스타우트,Z091,SSR,라이자,경순,,31,22
operation-siren,대작전,벽청년 이상,B,경순 CL,쿠이비셰프,577,SSR,노스유니온,경순,,31,24
operation-siren,대작전,벽청년 이상,B,경순 CL,미사키,Z064,SSR,DOAX VV,경순,,31,28
operation-siren,대작전,벽청년 이상,B,경순 CL,넵튠,P001,SSR,로열,경순,탱 경순,31,30
operation-siren,대작전,벽청년 이상,B,경순 CL,센다이,308,R,중앵,경순,조명탄 지원,31,32
operation-siren,대작전,벽청년 이상,B,중순 / 대순 CA,프린츠 오이겐,244,SSR,철혈,중순,"아즈마급
탱킹",31,36
operation-siren,대작전,벽청년 이상,B,중순 / 대순 CA,쿠르스크,586,SSR,노스유니온,중순,유리 대포,31,38
operation-siren,대작전,벽청년 이상,B,중순 / 대순 CA,샌프란시스코,512,SSR,유니온,중순,"포지션 유연함
딜 / 탱 모두 소화가능",31,40
operation-siren,대작전,벽청년 이상,B,중순 / 대순 CA,트리에스테,542,SR,사르데냐,중순,조명탄 보조,31,42
operation-siren,대작전,벽청년 이상,B,중순 / 대순 CA,미나미 유메,Z085,SSR,그리드맨,중순,약간씩 유틸을 얹은 탱커라인,31,44
operation-siren,대작전,벽청년 이상,B,중순 / 대순 CA,차라,413,SSR,사르데냐,중순,,31,45
operation-siren,대작전,벽청년 이상,B,중순 / 대순 CA,칼라 이데아스,Z096,SSR,라이자,대순,,31,46
operation-siren,대작전,벽청년 이상,B,중순 / 대순 CA,프린츠 하인리히,483,SSR,철혈,중순,,31,48
operation-siren,대작전,벽청년 이상,B,중순 / 대순 CA,아타고,201,SSR,중앵,중순,쫄팟 후보,31,50
operation-siren,대작전,벽청년 이상,C+,구축 DD,카와카제,288,SSR,중앵,구축,속사 / 뇌장 딜러,35,2
operation-siren,대작전,벽청년 이상,C+,구축 DD,키타카제,P009,SSR,중앵,구축,딜에 더 집중한 구축딜러 대체제,35,4
operation-siren,대작전,벽청년 이상,C+,구축 DD,키예프,535,SSR,노스유니온,구축,,35,5
operation-siren,대작전,벽청년 이상,C+,구축 DD,재너스,569,SSR,로열,구축,,35,6
operation-siren,대작전,벽청년 이상,C+,구축 DD,레이냐,Z134,SSR,라이자,구축,,35,7
operation-siren,대작전,벽청년 이상,C+,구축 DD,찰스 오스본,13,SR,유니온,구축,소량의 탱킹 지원,35,8
operation-siren,대작전,벽청년 이상,C+,구축 DD,스즈츠키,468,SSR,중앵,구축,,35,9
operation-siren,대작전,벽청년 이상,C+,구축 DD,랭동타블,556,SSR,비시아,구축,,35,10
operation-siren,대작전,벽청년 이상,C+,구축 DD,카시노,472,SR,중앵,운송함,"항모 보조로 
사용가능",35,12
operation-siren,대작전,벽청년 이상,C+,구축 DD,딩안,580,SR,동황,운송함,10% 항공지원,35,14
operation-siren,대작전,벽청년 이상,C+,구축 DD,공주,Z089,SSR,그리드맨,운송함,탱 / 항공지원,35,16
operation-siren,대작전,벽청년 이상,C+,경순 CL,아일라 폰 뒤러,Z132,SSR,라이자,경순,특수 장갑관통,35,18
operation-siren,대작전,벽청년 이상,C+,경순 CL,뒤스부르크,671,SSR,철혈,경순,3번 자리 딜러,35,20
operation-siren,대작전,벽청년 이상,C+,경순 CL,클레오파트라,690,SSR,로열,경순,,35,22
operation-siren,대작전,벽청년 이상,C+,경순 CL,휴스턴Ⅱ,609,SSR,유니온,경순,,35,24
operation-siren,대작전,벽청년 이상,C+,경순 CL,마인츠,P015,SSR,철혈,경순,적당한 탱 경순,35,26
operation-siren,대작전,벽청년 이상,C+,중순 / 대순 CA,꼬마 앵커리지,693,SR,유니온,중순,연막탄 보조,35,36
operation-siren,대작전,벽청년 이상,C+,중순 / 대순 CA,아사마,707,SSR,중앵,중순,개전 어뢰,35,40
operation-siren,대작전,벽청년 이상,C+,중순 / 대순 CA,꼬마 운젠,740,SR,중앵,중순,,35,41
operation-siren,대작전,벽청년 이상,C+,중순 / 대순 CA,치쿠마,195,SSR,중앵,중순,적당한 탱커 중순,35,42
operation-siren,대작전,벽청년 이상,C+,중순 / 대순 CA,블뤼허,243,SSR,철혈,중순,,35,43
operation-siren,대작전,벽청년 이상,C+,중순 / 대순 CA,탈린,496,SSR,노스유니온,중순,,35,44
operation-siren,대작전,벽청년 이상,C+,중순 / 대순 CA,이카루가,Z102,SSR,섬란 카구라,중순,,35,46
operation-siren,대작전,벽청년 이상,C+,중순 / 대순 CA,고리치아,597,SSR,사르데냐,중순,,35,49
operation-siren,대작전,벽청년 이상,C+,중순 / 대순 CA,미우라 아즈사,Z074,SSR,아이마스,중순,,35,50
operation-siren,대작전,벽청년 이상,C+,중순 / 대순 CA,미니애폴리스,364,SSR,유니온,중순,,35,51
operation-siren,대작전,벽청년 이상,SS+,"전함 BB, 순전 BC",라이온,138,UR,로열,전함,모든 장갑 코어픽,42,24
operation-siren,대작전,벽청년 이상,SS+,"전함 BB, 순전 BC",괴츠 폰 베를리힝겐,735,UR,철혈,전함,모든 장갑 깡패픽,42,26
operation-siren,대작전,벽청년 이상,SS,"항모 CV, 경항모 CVL",렉싱턴Ⅱ,715,UR,유니온,항모,"미항팟, 경장갑 필살기
욬2 + 렉2 조합시 바인드 보유",46,16
operation-siren,대작전,벽청년 이상,SS,"항모 CV, 경항모 CVL",요크타운Ⅱ,574,UR,유니온,항모,,46,18
operation-siren,대작전,벽청년 이상,SS,"항모 CV, 경항모 CVL",키어사지,P028,UR,유니온,항전,"감속 항모 사용 설명서

- 감속 혹은 정지를 바인드라 부르고, 바인드가 있으면 적 이동에 따른 빗나감이 줄어서 딜 기대치 상승

이동 봉쇄 : 렉싱턴2, 나히모프 
(둘다 특정 아군 조합 요구됨)

전열 감속 : 엘드릿지, 트라팔가

후열 감속 : 소유즈, 루메이",46,20
operation-siren,대작전,벽청년 이상,SS,"항모 CV, 경항모 CVL",프리츠 루메이,669,UR,철혈,항모,"중형 - 우선픽
경장 - 대체픽",46,22
operation-siren,대작전,벽청년 이상,SS,"전함 BB, 순전 BC",메클렌부르크,P039,UR,철혈,전함,대중장 깡패,46,24
operation-siren,대작전,벽청년 이상,SS,"전함 BB, 순전 BC",소비에츠키 소유즈,438,UR,노스유니온,전함,"대중형/중장
대체 선택지",46,26
operation-siren,대작전,벽청년 이상,SS,"전함 BB, 순전 BC",알자스,641,UR,아이리스,전함,"대경장/중장
대체 선택지",46,28
operation-siren,대작전,벽청년 이상,S+,"항모 CV, 경항모 CVL",라이온,138,UR,로열,전함,"쫄팟의 떠오르는 코어픽
여기는 순수 쫄팟티어",50,2
operation-siren,대작전,벽청년 이상,S+,"항모 CV, 경항모 CVL",아마기,367,SSR,중앵,순전,"일항팟 시너지 + 대중장
만쥬가 안움직이는 중장 META 내주면 SS",50,12
operation-siren,대작전,벽청년 이상,S+,"항모 CV, 경항모 CVL",시나노,231,UR,중앵,항모,,50,14
operation-siren,대작전,벽청년 이상,S+,"항모 CV, 경항모 CVL",하쿠호,703,UR,중앵,항모,,50,16
operation-siren,대작전,벽청년 이상,S+,"전함 BB, 순전 BC",비스마르크 Zwei,593,UR,철혈,전함,블랙홀 바인드,50,24
operation-siren,대작전,벽청년 이상,S+,"전함 BB, 순전 BC",나가토,212,SSR,중앵,전함,"전함 인데 시너지
일본 버퍼",50,26
operation-siren,대작전,벽청년 이상,S+,잠수 SS,U-2501,736,UR,철혈,잠수,잠수함 1황,50,48
operation-siren,대작전,벽청년 이상,S+,잠수 SS,이404,705,UR,중앵,잠수항모,잠수함 2황 + 보조,50,50
operation-siren,대작전,벽청년 이상,S,"항모 CV, 경항모 CVL",퍼시어스,462,SSR,로열,경항모,"이중 선장전
타함대 힐",54,2
operation-siren,대작전,벽청년 이상,S,"항모 CV, 경항모 CVL",아스카가와 치세,Z086,SSR,그리드맨,항모,"라이온팟
선장전",54,4
operation-siren,대작전,벽청년 이상,S,"항모 CV, 경항모 CVL",센토,356,SSR,로열,경항모,"대중형/중장
딜 보조/영국 시너지",54,6
operation-siren,대작전,벽청년 이상,S,"항모 CV, 경항모 CVL",하쿠류,P019,UR,중앵,항모,보스팟 딜러,54,8
operation-siren,대작전,벽청년 이상,S,"항모 CV, 경항모 CVL",임플래커블,581,UR,로열,항모,"바인더 1황
영국 항모",54,10
operation-siren,대작전,벽청년 이상,S,"항모 CV, 경항모 CVL",엔터프라이즈,77,SSR,유니온,항모,Lucky E,54,12
operation-siren,대작전,벽청년 이상,S,"항모 CV, 경항모 CVL",에식스,357,SSR,유니온,항모,중장갑 특화,54,14
operation-siren,대작전,벽청년 이상,S,"항모 CV, 경항모 CVL",알비온,570,SSR,로열,경항모,"경/중형 바인더
항모뎀증 '파갑' 보유",54,16
operation-siren,대작전,벽청년 이상,S,"항모 CV, 경항모 CVL",아크 로열,144,SR,로열,항모,"중형/중갑 바인더
딜 로또",54,18
operation-siren,대작전,벽청년 이상,S,"항모 CV, 경항모 CVL",아우구스트 폰 파르제팔,P021,SSR,철혈,항모,"경/중형 바인더
항모뎀증 '파갑' 보유",54,20
operation-siren,대작전,벽청년 이상,S,"전함 BB, 순전 BC",뱅가드,137,UR,로열,전함,전함 최강 버퍼,54,26
operation-siren,대작전,벽청년 이상,S,"전함 BB, 순전 BC",키어사지,P028,UR,유니온,항전,"포격 버퍼
경, 중형 특화",54,28
operation-siren,대작전,벽청년 이상,S,"전함 BB, 순전 BC",무사시,217,UR,중앵,전함,중형/중장 특화,54,30
operation-siren,대작전,벽청년 이상,S,"전함 BB, 순전 BC",뉴저지,68,UR,유니온,전함,단일 적 특화,54,32
operation-siren,대작전,벽청년 이상,S,"전함 BB, 순전 BC",프리드리히 데어 그로세,P011,UR,철혈,전함,철혈 범용 무딱,54,34
operation-siren,대작전,벽청년 이상,S,"전함 BB, 순전 BC",울리히 폰 후텐,529,UR,철혈,전함,,54,35
operation-siren,대작전,벽청년 이상,S,"전함 BB, 순전 BC",라파엘로,678,UR,사르데냐,전함,"딜 보조
전열 보호",54,36
operation-siren,대작전,벽청년 이상,S,"전함 BB, 순전 BC",워스파이트,131,SSR,로열,전함,"전장요구
무딱전함라인 입성",54,38
operation-siren,대작전,벽청년 이상,S,"전함 BB, 순전 BC",오미,706,SSR,중앵,전함,최강 금딱라인,54,40
operation-siren,대작전,벽청년 이상,S,"전함 BB, 순전 BC",조지아,P008,SSR,유니온,전함,,54,41
operation-siren,대작전,벽청년 이상,S,"전함 BB, 순전 BC",다이센,P034,SSR,중앵,전함,"용골 무난하게 받음
탈금딱 1황",54,42
operation-siren,대작전,벽청년 이상,S,"전함 BB, 순전 BC",플랑드르,P032,SSR,비시아,전함,프랑스 전함 2황,54,44
operation-siren,대작전,벽청년 이상,S,"전함 BB, 순전 BC",듀크 오브 요크,136,SSR,로열,전함,"감속, 받피증 버퍼",54,46
operation-siren,대작전,벽청년 이상,S,잠수 SS,플래셔,620,SSR,유니온,잠수,U-2501 + 이404를 일단 넣고 남는자리에 넣으면 좋음,54,48
operation-siren,대작전,벽청년 이상,S,잠수 SS,호무라,Z103,SSR,섬란 카구라,잠수,,54,50
operation-siren,대작전,벽청년 이상,S,잠수 SS,U-96,467,SSR,철혈,잠수,,54,52
operation-siren,대작전,벽청년 이상,A+,"항모 CV, 경항모 CVL",부아 벨루,699,SSR,아이리스,경항모,"반장전, 단기전 특화
루나 상위호환",58,2
operation-siren,대작전,벽청년 이상,A+,"항모 CV, 경항모 CVL",아퀼라,502,SSR,사르데냐,항모,"쫄 보스 딜러
서브 힐러",58,4
operation-siren,대작전,벽청년 이상,A+,"항모 CV, 경항모 CVL",인디펜던스,377,SR,유니온,경항모,"제공권 + 반장전
타함대 항공버프",58,6
operation-siren,대작전,벽청년 이상,A+,"항모 CV, 경항모 CVL",프랭클린,682,SSR,유니온,항모,"안정성 높은
엔터프라이즈 +",58,8
operation-siren,대작전,벽청년 이상,A+,"항모 CV, 경항모 CVL",샹그릴라,378,SSR,유니온,항모,,58,9
operation-siren,대작전,벽청년 이상,A+,"항모 CV, 경항모 CVL",엘리제,Z990,SSR,DOAX VV,항모,"높은 공격력
딜 보조 유틸",58,10
operation-siren,대작전,벽청년 이상,A+,"항모 CV, 경항모 CVL",쇼카쿠,228,SSR,중앵,항모,,58,11
operation-siren,대작전,벽청년 이상,A+,"항모 CV, 경항모 CVL",운류,731,SSR,중앵,항모,반장전 항모,58,12
operation-siren,대작전,벽청년 이상,A+,"항모 CV, 경항모 CVL",인도미터블,553,SSR,로열,항모,특정 장갑 특화,58,14
operation-siren,대작전,벽청년 이상,A+,"항모 CV, 경항모 CVL",카우펜스,716,SSR,유니온,경항모,"4공습 / 
중형,중장 잘팸",58,16
operation-siren,대작전,벽청년 이상,A+,"항모 CV, 경항모 CVL",테세우스,578,SSR,로열,경항모,중형 잘팸,58,18
operation-siren,대작전,벽청년 이상,A+,"항모 CV, 경항모 CVL",치칼로프,P026,SSR,노스유니온,항모,,58,19
operation-siren,대작전,벽청년 이상,A+,"항모 CV, 경항모 CVL",토비이치 오리가미,Z152,SSR,데어라,항모,데어라 콜라보 항모,58,20
operation-siren,대작전,벽청년 이상,A+,"항모 CV, 경항모 CVL",요시노,Z154,SSR,데어라,경항모,,58,21
operation-siren,대작전,벽청년 이상,A+,"전함 BB, 순전 BC",오와리,606,SSR,중앵,전함,"무난하게 강한 
탈금딱 전함",58,24
operation-siren,대작전,벽청년 이상,A+,"전함 BB, 순전 BC",하우,461,SSR,로열,전함,"명중, 장전 버퍼",58,26
operation-siren,대작전,벽청년 이상,A+,"전함 BB, 순전 BC",아드미랄 젠커,694,SSR,철혈,전함,"포격, 명중 버퍼
딜 보조 버프",58,28
operation-siren,대작전,벽청년 이상,A+,"전함 BB, 순전 BC",비토리오 베네토,500,SSR,사르데냐,전함,사르데냐 코어,58,30
operation-siren,대작전,벽청년 이상,A+,"전함 BB, 순전 BC",리슐리외,453,SSR,아이리스,전함,"프랑스 버퍼
선장전",58,32
operation-siren,대작전,벽청년 이상,A+,"전함 BB, 순전 BC",니나 프리드,Z133,SSR,라이자,전함,,58,38
operation-siren,대작전,벽청년 이상,A+,"전함 BB, 순전 BC",후부키 (콜라보),Z105,SSR,섬란 카구라,전함,"단기전 강함
대중장 특화",58,40
operation-siren,대작전,벽청년 이상,A+,"전함 BB, 순전 BC",인디애나,66,SSR,유니온,전함,전열 보호,58,42
operation-siren,대작전,벽청년 이상,A+,"전함 BB, 순전 BC",모나크,P002,SSR,로열,전함,"감속
중형/중장 특화",58,44
operation-siren,대작전,벽청년 이상,A+,"전함 BB, 순전 BC",이츠카 코토리,Z153,SSR,데어라,전함,"경장 상대로 좋음
높은 탱킹력",58,46
operation-siren,대작전,벽청년 이상,A+,잠수 SS,U-556(META),M021,SSR,META,잠수,"U-2501 + 이404를 일단 넣고 남은 자리에 위에가 없으면
 얘네 중에 있는걸로 대체하셈
여기도 없으면 있는거 그냥 넣어도 됨",58,48
operation-siren,대작전,벽청년 이상,A+,잠수 SS,U-101,399,SSR,철혈,잠수,,58,50
operation-siren,대작전,벽청년 이상,A+,잠수 SS,U-81,341,SSR,철혈,잠수,,58,52
operation-siren,대작전,벽청년 이상,A,"항모 CV, 경항모 CVL",루나,Z068,SSR,DOAX VV,경항모,"반장전, 단기전 특화",62,2
operation-siren,대작전,벽청년 이상,A,"항모 CV, 경항모 CVL",유니콘,142,SR,로열,경항모,"쫄팟, 광역힐
선장전",62,4
operation-siren,대작전,벽청년 이상,A,"항모 CV, 경항모 CVL",포미더블,147,SSR,로열,항모,"4공습 /
미묘한 바인드",62,8
operation-siren,대작전,벽청년 이상,A,"항모 CV, 경항모 CVL",새러토가,74,SR,유니온,항모,"폭격 특화
쫄팟 후보군",62,10
operation-siren,대작전,벽청년 이상,A,"항모 CV, 경항모 CVL",호넷Ⅱ,572,SSR,유니온,항모,"고점 조금 낮은
샹그릴라",62,12
operation-siren,대작전,벽청년 이상,A,"항모 CV, 경항모 CVL",롱 아일랜드,70,R,유니온,경항모,"불안정 딜러
경장 특화",62,18
operation-siren,대작전,벽청년 이상,A,"항모 CV, 경항모 CVL",페터 슈트라서,482,SSR,철혈,항모,"전장에 바인드 있음
독일 항모 버프",62,20
operation-siren,대작전,벽청년 이상,A,"전함 BB, 순전 BC",자이틀리츠,543,SSR,철혈,순전,"선장전, 밸런스형",62,24
operation-siren,대작전,벽청년 이상,A,"전함 BB, 순전 BC",마르코 폴로,P022,SSR,사르데냐,전함,"중형 특화
사르데냐 핵심 전함",62,26
operation-siren,대작전,벽청년 이상,A,"전함 BB, 순전 BC",알비트,648,SSR,철혈,순전,경장만 잘팸,62,30
operation-siren,대작전,벽청년 이상,A,"전함 BB, 순전 BC",캔자스,P038,SSR,유니온,전함,3장갑 다 잘팸,62,34
operation-siren,대작전,벽청년 이상,A,"전함 BB, 순전 BC",컨스텔레이션,617,SSR,유니온,순전,,62,35
operation-siren,대작전,벽청년 이상,A,"전함 BB, 순전 BC",금빛 어둠,Z114,SSR,투러브,전함,고성능 콜라보 전함,62,36
operation-siren,대작전,벽청년 이상,A,"전함 BB, 순전 BC",타마키,Z069,SSR,DOAX VV,순전,,62,37
operation-siren,대작전,벽청년 이상,A,"전함 BB, 순전 BC",프린츠 루프레히트,P024,SSR,철혈,순전,특수 부포,62,38
operation-siren,대작전,벽청년 이상,A,"전함 BB, 순전 BC",이즈모,P004,SSR,중앵,전함,중형 / 중장만 잘팸,62,40
operation-siren,대작전,벽청년 이상,A,"전함 BB, 순전 BC",2대,Z088,SSR,그리드맨,항전,"중형 특화
무난한 콜라보 전함",62,42
operation-siren,대작전,벽청년 이상,B+,"항모 CV, 경항모 CVL",타이콘데로가,511,SSR,유니온,항모,"경장, 단일적 특화",66,16
operation-siren,대작전,벽청년 이상,B+,"항모 CV, 경항모 CVL",다이호,230,SSR,중앵,항모,후열 딜 버프,66,18
operation-siren,대작전,벽청년 이상,B+,"항모 CV, 경항모 CVL",아퀼라,502,SSR,사르데냐,항모,2전투기 항모,66,20
operation-siren,대작전,벽청년 이상,B+,"항모 CV, 경항모 CVL",그라프 체펠린,252,SSR,철혈,항모,"2 폭격기
독일 탱보조",66,22
operation-siren,대작전,벽청년 이상,B+,"전함 BB, 순전 BC",브륀힐드,566,SSR,철혈,순전,"대체 전함
보조 능력있음",66,24
operation-siren,대작전,벽청년 이상,B+,"전함 BB, 순전 BC",마세나,698,SSR,아이리스,순전,스택형 딜러,66,26
operation-siren,대작전,벽청년 이상,B+,"전함 BB, 순전 BC",콜로라도,60,SR,유니온,전함,약속의 빅 세븐 개장,66,28
operation-siren,대작전,벽청년 이상,B+,"전함 BB, 순전 BC",넬슨,132,SR,로열,전함,,66,29
operation-siren,대작전,벽청년 이상,B+,"전함 BB, 순전 BC",웨스트버지니아,62,SR,유니온,전함,,66,30
operation-siren,대작전,벽청년 이상,B+,"전함 BB, 순전 BC",메릴랜드,61,SR,유니온,전함,,66,31
operation-siren,대작전,벽청년 이상,B+,"전함 BB, 순전 BC",퀸 앤즈 리벤지,709,SSR,템페스타,범선,경장 상대로만 쓸것,66,32
operation-siren,대작전,벽청년 이상,B+,"전함 BB, 순전 BC",펄,711,SSR,템페스타,범선,,66,33
operation-siren,대작전,벽청년 이상,B+,"전함 BB, 순전 BC",건스웨이,664,SSR,템페스타,범선,경장 상대로만 쓸것,66,34
operation-siren,대작전,벽청년 이상,B+,"전함 BB, 순전 BC",상 마르티뉴,613,SSR,템페스타,범선,,66,35
operation-siren,대작전,벽청년 이상,B+,"전함 BB, 순전 BC",앨라배마,401,SSR,유니온,전함,,66,38
operation-siren,대작전,벽청년 이상,B+,"전함 BB, 순전 BC",꼬마 무사시,734,SR,중앵,전함,,66,39
operation-siren,대작전,벽청년 이상,B+,"전함 BB, 순전 BC",스트라스부르,652,SSR,비시아,순전,"차상위 전함
진영 시너지 요구",66,42
operation-siren,대작전,벽청년 이상,B+,"전함 BB, 순전 BC",소비에츠카야 러시아,441,SSR,노스유니온,전함,,66,43
operation-siren,대작전,벽청년 이상,B+,"전함 BB, 순전 BC",프란체스코 카라치올로,720,SSR,사르데냐,전함,"차상위 전함
근접적 상대 탱",66,44
operation-siren,대작전,벽청년 이상,B+,"전함 BB, 순전 BC",시즈쿠,Z991,SSR,DOAX VV,전함,"평범한 2군 전함
약간의 딜/힐 유틸",66,46
operation-siren,대작전,벽청년 이상,B,"항모 CV, 경항모 CVL",아카기,224,SSR,중앵,항모,반장전 / 서로 시너지,70,2
operation-siren,대작전,벽청년 이상,B,"항모 CV, 경항모 CVL",카가,225,SSR,중앵,항모,,70,4
operation-siren,대작전,벽청년 이상,B,"항모 CV, 경항모 CVL",랭글리Ⅱ,573,SR,유니온,경항모,항모 버프,70,10
operation-siren,대작전,벽청년 이상,B,"항모 CV, 경항모 CVL",카츠라기,520,SSR,중앵,항모,3일본 방어 버프,70,12
operation-siren,대작전,벽청년 이상,B,"항모 CV, 경항모 CVL",즈이카쿠,229,SSR,중앵,항모,"단독성능은 쇼카쿠 아래
쇼카쿠와 시너지",70,14
operation-siren,대작전,벽청년 이상,B,"항모 CV, 경항모 CVL",유미,Z104,SSR,섬란 카구라,항모,"그럭저럭 강힘
약한 바인더",70,18
operation-siren,대작전,벽청년 이상,B,"전함 BB, 순전 BC",카잔,685,SSR,노스유니온,전함,소량 힐,70,24
operation-siren,대작전,벽청년 이상,B,"전함 BB, 순전 BC",호노카,Z062,SSR,DOAX VV,전함,,70,25
operation-siren,대작전,벽청년 이상,B,"전함 BB, 순전 BC",오딘,P016,SSR,철혈,순전,각종 유틸,70,26
operation-siren,대작전,벽청년 이상,B,"전함 BB, 순전 BC",클레망소,604,SSR,비시아,전함,프랑스 조합 필요,70,28
operation-siren,대작전,벽청년 이상,B,"전함 BB, 순전 BC",프린스 오브 웨일즈,135,SSR,로열,전함,이글 유니온 시너지,70,30
operation-siren,대작전,벽청년 이상,B,"전함 BB, 순전 BC",비스마르크,250,SSR,철혈,전함,독일 버퍼,70,32
operation-siren,대작전,벽청년 이상,B,"전함 BB, 순전 BC",워싱턴,64,SSR,유니온,전함,3장갑 다 잘팸,70,34
operation-siren,대작전,벽청년 이상,B,"전함 BB, 순전 BC",신죠 아카네,Z082,SSR,그리드맨,전함,"소환수로 인한
안정성 증가",70,36
operation-siren,대작전,벽청년 이상,B,"전함 BB, 순전 BC",로열 오크,582,SSR,로열,전함,힐 기능 있는 전함,70,38
operation-siren,대작전,벽청년 이상,B,"전함 BB, 순전 BC",미나세 이오리,Z073,SSR,아이마스,전함,중장만 잘팸,70,40
operation-siren,대작전,벽청년 이상,B,"전함 BB, 순전 BC",매사추세츠,354,SSR,유니온,전함,중형 / 중장 상대 미국 전함,70,42
operation-siren,대작전,벽청년 이상,B,"전함 BB, 순전 BC",가스코뉴(µ장비),418,SSR,비시아,전함,평범한 2군 전함,70,46
operation-siren,대작전,벽청년 이상,B,잠수 SS,아미티,666,SSR,템페스타,범선,"아군버프 /
초살팟",70,48
operation-siren,대작전,벽청년 이상,C+,"항모 CV, 경항모 CVL",인트레피드,442,SSR,유니온,항모,폭격 특화,74,8
operation-siren,대작전,벽청년 이상,C+,"항모 CV, 경항모 CVL",꼬마 엔터프라이즈,516,SR,유니온,항모,"대체 항모
마지노선",74,10
operation-siren,대작전,벽청년 이상,C+,"항모 CV, 경항모 CVL",쇼호,222,R,중앵,경항모,소량 힐,74,14
operation-siren,대작전,벽청년 이상,C+,"항모 CV, 경항모 CVL",일러스트리어스,145,SSR,로열,항모,전열 보호,74,16
operation-siren,대작전,벽청년 이상,C+,"항모 CV, 경항모 CVL",조프르,555,SSR,비시아,항모,"하위해역
많은 적 상대",74,18
operation-siren,대작전,벽청년 이상,C+,"항모 CV, 경항모 CVL",빅토리어스,146,SSR,로열,항모,적 전함 상대 보조,74,20
operation-siren,대작전,벽청년 이상,C+,"항모 CV, 경항모 CVL",화지아,579,SR,동황,경항모,"6전투기
대체 항모",74,22
operation-siren,대작전,벽청년 이상,C+,"전함 BB, 순전 BC",됭케르크,352,SR,비시아,순전,"프랑스 함대 파츠
선장전, 딜 버프",74,24
operation-siren,대작전,벽청년 이상,C+,"전함 BB, 순전 BC",나기사,Z065,SR,DOAX VV,전함,감속 제공,74,26
operation-siren,대작전,벽청년 이상,C+,"전함 BB, 순전 BC",후드,129,SSR,로열,순전,장전 버프,74,28
operation-siren,대작전,벽청년 이상,C+,"전함 BB, 순전 BC",킹 조지 5세,134,SSR,로열,전함,세이렌 특화,74,30
operation-siren,대작전,벽청년 이상,C+,"전함 BB, 순전 BC",로마,561,SSR,사르데냐,전함,사르데냐 대체제,74,32
operation-siren,대작전,벽청년 이상,C+,"전함 BB, 순전 BC",리토리오,410,SSR,사르데냐,전함,,74,34
operation-siren,대작전,벽청년 이상,C+,"전함 BB, 순전 BC",장 바르,353,SSR,비시아,전함,"프랑스 함대 파츠
대체 전함들",74,36
operation-siren,대작전,벽청년 이상,C+,"전함 BB, 순전 BC",샹파뉴,P017,SSR,아이리스,전함,,74,38
operation-siren,대작전,벽청년 이상,C+,"전함 BB, 순전 BC",미카사,320,SSR,중앵,전함,무사시 독점,74,40
operation-siren,대작전,벽청년 이상,C+,"전함 BB, 순전 BC",티르피츠,251,SSR,철혈,전함,"비스마르크와
같이 쓰기",74,42
operation-siren,대작전,벽청년 이상,C+,"전함 BB, 순전 BC",사우스다코타,65,SSR,유니온,전함,작은 육각형 딜러,74,44
operation-siren,대작전,벽청년 이상,C+,잠수 SS,로열 포춘,571,SSR,템페스타,범선,글쎄요..?,74,48
operation-siren,대작전,벽청년 이상,C+,잠수 SS,메리 셀러스트,611,SSR,템페스타,범선,,74,49
operation-siren,대작전,벽청년 이상,SS,"항모 CV, 경항모 CVL",라이온,138,UR,로열,전함,"얘네 항모아닌데
아래랑 섞어쓰기 좋아서 넣음",84,14
operation-siren,대작전,벽청년 이상,SS,"항모 CV, 경항모 CVL",트라팔가,689,UR,로열,구축,,84,16
operation-siren,대작전,벽청년 이상,SS,"전함 BB, 순전 BC",라이온,138,UR,로열,전함,가장 강력한 후열,84,24
operation-siren,대작전,벽청년 이상,SS,"항모 CV, 경항모 CVL",아마기,367,SSR,중앵,순전,일항팟 시너지 + 대중장 / 추후 중장갑 보스 실전테스트 필요,89,10
operation-siren,대작전,벽청년 이상,SS,"항모 CV, 경항모 CVL",시나노,231,UR,중앵,항모,,89,12
operation-siren,대작전,벽청년 이상,SS,"항모 CV, 경항모 CVL",하쿠호,703,UR,중앵,항모,,89,14
operation-siren,대작전,벽청년 이상,SS,"항모 CV, 경항모 CVL",어드미럴 나히모프,P036,UR,노스유니온,항모,딜과 바인더 다함,89,18
operation-siren,대작전,벽청년 이상,SS,"항모 CV, 경항모 CVL",프리츠 루메이,669,UR,철혈,항모,"경, 중형 상대
감속 보유",89,22
operation-siren,대작전,벽청년 이상,SS,"전함 BB, 순전 BC",알자스,641,UR,아이리스,전함,"선장전, 딜 버프
자체 딜도 쎔",89,24
operation-siren,대작전,벽청년 이상,SS,"전함 BB, 순전 BC",메클렌부르크,P039,UR,철혈,전함,"대중장갑 1황
경장 활약여지있음",89,26
operation-siren,대작전,벽청년 이상,SS,"전함 BB, 순전 BC",비스마르크 Zwei,593,UR,철혈,전함,블랙홀 바인드,89,28
operation-siren,대작전,벽청년 이상,SS,"전함 BB, 순전 BC",소비에츠키 소유즈,438,UR,노스유니온,전함,"트라팔가와 사용시
이중 감속",89,32
operation-siren,대작전,벽청년 이상,SS,"전함 BB, 순전 BC",알자스,641,UR,아이리스,전함,"프랑스 소속이라
한번 더 복붙",89,36
operation-siren,대작전,벽청년 이상,S+,"항모 CV, 경항모 CVL",라이온,138,UR,로열,전함,"쫄팟의 떠오르는 코어픽
여기는 순수 쫄팟티어",93,2
operation-siren,대작전,벽청년 이상,S+,"항모 CV, 경항모 CVL",요크타운Ⅱ,574,UR,유니온,항모,"경장 상대로 좋음
미항팟 코어",93,6
operation-siren,대작전,벽청년 이상,S+,"항모 CV, 경항모 CVL",키어사지,P028,UR,유니온,항전,"경장 및 중형
항공지원",93,8
operation-siren,대작전,벽청년 이상,S+,"항모 CV, 경항모 CVL",나가토,212,SSR,중앵,전함,"전함 인데 시너지
일본 버퍼",93,10
operation-siren,대작전,벽청년 이상,S+,"항모 CV, 경항모 CVL",하쿠류,P019,UR,중앵,항모,보스팟 딜러,93,12
operation-siren,대작전,벽청년 이상,S+,"항모 CV, 경항모 CVL",센토,356,SSR,로열,경항모,"대중형/중장
딜 보조/영국 시너지",93,14
operation-siren,대작전,벽청년 이상,S+,"항모 CV, 경항모 CVL",임플래커블,581,UR,로열,항모,"바인더 1황
영국 항모",93,16
operation-siren,대작전,벽청년 이상,S+,"항모 CV, 경항모 CVL",임플래커블,581,UR,로열,항모,최상위 바인더,93,22
operation-siren,대작전,벽청년 이상,S+,"전함 BB, 순전 BC",뱅가드,137,UR,로열,전함,전함 최강 버퍼,93,24
operation-siren,대작전,벽청년 이상,S+,"전함 BB, 순전 BC",무사시,217,UR,중앵,전함,중형/중장 특화,93,32
operation-siren,대작전,벽청년 이상,S+,"전함 BB, 순전 BC",키어사지,P028,UR,유니온,항전,"포격 버퍼
경, 중형 특화",93,34
operation-siren,대작전,벽청년 이상,S+,잠수 SS,이404,705,UR,중앵,잠수항모,최강 잠수함,93,48
operation-siren,대작전,벽청년 이상,S,"항모 CV, 경항모 CVL",퍼시어스,462,SSR,로열,경항모,"이중 선장전
타함대 힐",97,2
operation-siren,대작전,벽청년 이상,S,"항모 CV, 경항모 CVL",아스카가와 치세,Z086,SSR,그리드맨,항모,"라이온팟
선장전",97,4
operation-siren,대작전,벽청년 이상,S,"항모 CV, 경항모 CVL",엔터프라이즈,77,SSR,유니온,항모,Lucky E,97,6
operation-siren,대작전,벽청년 이상,S,"항모 CV, 경항모 CVL",에식스,357,SSR,유니온,항모,중장갑 특화,97,8
operation-siren,대작전,벽청년 이상,S,"항모 CV, 경항모 CVL",알비온,570,SSR,로열,경항모,"경/중형 바인더
항모뎀증 '파갑' 보유",97,14
operation-siren,대작전,벽청년 이상,S,"항모 CV, 경항모 CVL",아크 로열,144,SR,로열,항모,"딜 로또
영국 항모",97,16
operation-siren,대작전,벽청년 이상,S,"항모 CV, 경항모 CVL",아크 로열,144,SR,로열,항모,"중형/중갑 바인더
딜 로또",97,20
operation-siren,대작전,벽청년 이상,S,"항모 CV, 경항모 CVL",아우구스트 폰 파르제팔,P021,SSR,철혈,항모,"경/중형 바인더
항모뎀증 '파갑' 보유",97,22
operation-siren,대작전,벽청년 이상,S,"전함 BB, 순전 BC",뉴저지,68,UR,유니온,전함,단일 적 특화,97,24
operation-siren,대작전,벽청년 이상,S,"전함 BB, 순전 BC",프리드리히 데어 그로세,P011,UR,철혈,전함,대경장 특화,97,26
operation-siren,대작전,벽청년 이상,S,"전함 BB, 순전 BC",울리히 폰 후텐,529,UR,철혈,전함,경장/중형 특화,97,28
operation-siren,대작전,벽청년 이상,S,"전함 BB, 순전 BC",라파엘로,678,UR,사르데냐,전함,"딜 보조
전열 보호",97,30
operation-siren,대작전,벽청년 이상,S,"전함 BB, 순전 BC",워스파이트,131,SSR,로열,전함,"전장요구
무딱전함라인 입성",97,32
operation-siren,대작전,벽청년 이상,S,"전함 BB, 순전 BC",다이센,P034,SSR,중앵,전함,"용골 무난하게 받음
탈금딱 1황",97,34
operation-siren,대작전,벽청년 이상,S,"전함 BB, 순전 BC",플랑드르,P032,SSR,비시아,전함,프랑스 전함 2황,97,36
operation-siren,대작전,벽청년 이상,S,"전함 BB, 순전 BC",오미,706,SSR,중앵,전함,경장 특화,97,38
operation-siren,대작전,벽청년 이상,S,"전함 BB, 순전 BC",듀크 오브 요크,136,SSR,로열,전함,"감속, 받피증 버퍼",97,40
operation-siren,대작전,벽청년 이상,S,잠수 SS,플래셔,620,SSR,유니온,잠수,이404의 최고 조합들,97,48
operation-siren,대작전,벽청년 이상,S,잠수 SS,아처피시,513,SSR,유니온,잠수,,97,49
operation-siren,대작전,벽청년 이상,S,잠수 SS,호무라,Z103,SSR,섬란 카구라,잠수,,97,50
operation-siren,대작전,벽청년 이상,A+,"항모 CV, 경항모 CVL",부아 벨루,699,SSR,아이리스,경항모,"반장전, 단기전 특화
루나 상위호환",101,2
operation-siren,대작전,벽청년 이상,A+,"항모 CV, 경항모 CVL",아퀼라,502,SSR,사르데냐,항모,"쫄 보스 딜러
서브 힐러",101,4
operation-siren,대작전,벽청년 이상,A+,"항모 CV, 경항모 CVL",인디펜던스,377,SR,유니온,경항모,"제공권 + 반장전
타함대 항공버프",101,6
operation-siren,대작전,벽청년 이상,A+,"항모 CV, 경항모 CVL",프랭클린,682,SSR,유니온,항모,"안정성 높은
엔터프라이즈 +",101,8
operation-siren,대작전,벽청년 이상,A+,"항모 CV, 경항모 CVL",샹그릴라,378,SSR,유니온,항모,"안정성 높은
엔터프라이즈",101,10
operation-siren,대작전,벽청년 이상,A+,"항모 CV, 경항모 CVL",쇼카쿠,228,SSR,중앵,항모,"공방 버프
즈이카쿠와 시너지",101,12
operation-siren,대작전,벽청년 이상,A+,"항모 CV, 경항모 CVL",인도미터블,553,SSR,로열,항모,중형 특화 / 로켓,101,14
operation-siren,대작전,벽청년 이상,A+,"항모 CV, 경항모 CVL",테세우스,578,SSR,로열,경항모,"중형 잘팸
영국 경항모",101,16
operation-siren,대작전,벽청년 이상,A+,"항모 CV, 경항모 CVL",치칼로프,P026,SSR,노스유니온,항모,"폭격 특화
항모 버퍼",101,18
operation-siren,대작전,벽청년 이상,A+,"항모 CV, 경항모 CVL",토비이치 오리가미,Z152,SSR,데어라,항모,데어라 콜라보 항모,101,20
operation-siren,대작전,벽청년 이상,A+,"항모 CV, 경항모 CVL",요시노,Z154,SSR,데어라,경항모,,101,21
operation-siren,대작전,벽청년 이상,A+,"전함 BB, 순전 BC",오와리,606,SSR,중앵,전함,"무난하게 강한 
탈금딱 전함",101,24
operation-siren,대작전,벽청년 이상,A+,"전함 BB, 순전 BC",하우,461,SSR,로열,전함,"명중, 장전 버퍼",101,26
operation-siren,대작전,벽청년 이상,A+,"전함 BB, 순전 BC",아드미랄 젠커,694,SSR,철혈,전함,"포격, 명중 버퍼
딜 보조 버프",101,28
operation-siren,대작전,벽청년 이상,A+,"전함 BB, 순전 BC",비토리오 베네토,500,SSR,사르데냐,전함,사르데냐 코어,101,30
operation-siren,대작전,벽청년 이상,A+,"전함 BB, 순전 BC",후부키 (콜라보),Z105,SSR,섬란 카구라,전함,"단기전 강함
대중장 특화",101,34
operation-siren,대작전,벽청년 이상,A+,"전함 BB, 순전 BC",리슐리외,453,SSR,아이리스,전함,"프랑스 버퍼
선장전",101,36
operation-siren,대작전,벽청년 이상,A+,"전함 BB, 순전 BC",니나 프리드,Z133,SSR,라이자,전함,,101,40
operation-siren,대작전,벽청년 이상,A+,"전함 BB, 순전 BC",인디애나,66,SSR,유니온,전함,전열 보호,101,42
operation-siren,대작전,벽청년 이상,A+,"전함 BB, 순전 BC",모나크,P002,SSR,로열,전함,"감속
중형/중장 특화",101,44
operation-siren,대작전,벽청년 이상,A+,"전함 BB, 순전 BC",이츠카 코토리,Z153,SSR,데어라,전함,"경장 상대로 좋음
높은 탱킹력",101,46
operation-siren,대작전,벽청년 이상,A+,잠수 SS,아처피시,513,SSR,유니온,잠수,,101,49
operation-siren,대작전,벽청년 이상,A+,잠수 SS,U-552,695,SSR,철혈,잠수,,101,52
operation-siren,대작전,벽청년 이상,A,잠수 SS,플래셔,620,SSR,유니온,잠수,"U보트 2개 + 
위에 하나",104,50
operation-siren,대작전,벽청년 이상,A,잠수 SS,호무라,Z103,SSR,섬란 카구라,잠수,,104,51
operation-siren,대작전,벽청년 이상,A,"항모 CV, 경항모 CVL",루나,Z068,SSR,DOAX VV,경항모,"반장전, 단기전 특화",105,2
operation-siren,대작전,벽청년 이상,A,"항모 CV, 경항모 CVL",유니콘,142,SR,로열,경항모,"쫄팟, 광역힐
선장전",105,4
operation-siren,대작전,벽청년 이상,A,"항모 CV, 경항모 CVL",새러토가,74,SR,유니온,항모,"폭격 특화
쫄팟 후보군",105,6
operation-siren,대작전,벽청년 이상,A,"항모 CV, 경항모 CVL",호넷Ⅱ,572,SSR,유니온,항모,"고점 조금 낮은
샹그릴라",105,8
operation-siren,대작전,벽청년 이상,A,"항모 CV, 경항모 CVL",롱 아일랜드,70,R,유니온,경항모,"불안정 딜러
경장 특화",105,18
operation-siren,대작전,벽청년 이상,A,"항모 CV, 경항모 CVL",페터 슈트라서,482,SSR,철혈,항모,"전장에 바인드 있음
독일 항모 버프",105,20
operation-siren,대작전,벽청년 이상,A,"전함 BB, 순전 BC",자이틀리츠,543,SSR,철혈,순전,"선장전, 밸런스형",105,24
operation-siren,대작전,벽청년 이상,A,"전함 BB, 순전 BC",알비트,648,SSR,철혈,순전,경장만 잘팸,105,26
operation-siren,대작전,벽청년 이상,A,"전함 BB, 순전 BC",프린츠 루프레히트,P024,SSR,철혈,순전,특수 부포,105,28
operation-siren,대작전,벽청년 이상,A,"전함 BB, 순전 BC",마르코 폴로,P022,SSR,사르데냐,전함,"중형 특화
사르데냐 핵심 전함",105,30
operation-siren,대작전,벽청년 이상,A,"전함 BB, 순전 BC",캔자스,P038,SSR,유니온,전함,3장갑 다 잘팸,105,36
operation-siren,대작전,벽청년 이상,A,"전함 BB, 순전 BC",컨스텔레이션,617,SSR,유니온,순전,,105,37
operation-siren,대작전,벽청년 이상,A,"전함 BB, 순전 BC",금빛 어둠,Z114,SSR,투러브,전함,고성능 콜라보 전함,105,38
operation-siren,대작전,벽청년 이상,A,"전함 BB, 순전 BC",타마키,Z069,SSR,DOAX VV,순전,,105,39
operation-siren,대작전,벽청년 이상,A,"전함 BB, 순전 BC",이즈모,P004,SSR,중앵,전함,중형 / 중장만 잘팸,105,40
operation-siren,대작전,벽청년 이상,A,"전함 BB, 순전 BC",2대,Z088,SSR,그리드맨,항전,"중형 특화
무난한 콜라보 전함",105,42
operation-siren,대작전,벽청년 이상,B+,"항모 CV, 경항모 CVL",타이콘데로가,511,SSR,유니온,항모,"경장, 단일적 특화",109,8
operation-siren,대작전,벽청년 이상,B+,"항모 CV, 경항모 CVL",다이호,230,SSR,중앵,항모,후열 딜 버프,109,12
operation-siren,대작전,벽청년 이상,B+,"항모 CV, 경항모 CVL",아퀼라,502,SSR,사르데냐,항모,2전투기 항모,109,20
operation-siren,대작전,벽청년 이상,B+,"항모 CV, 경항모 CVL",그라프 체펠린,252,SSR,철혈,항모,"2 폭격기
독일 탱보조",109,22
operation-siren,대작전,벽청년 이상,B+,"전함 BB, 순전 BC",콜로라도,60,SR,유니온,전함,약속의 빅 세븐 개장,109,24
operation-siren,대작전,벽청년 이상,B+,"전함 BB, 순전 BC",넬슨,132,SR,로열,전함,,109,25
operation-siren,대작전,벽청년 이상,B+,"전함 BB, 순전 BC",웨스트버지니아,62,SR,유니온,전함,,109,26
operation-siren,대작전,벽청년 이상,B+,"전함 BB, 순전 BC",메릴랜드,61,SR,유니온,전함,,109,27
operation-siren,대작전,벽청년 이상,B+,"전함 BB, 순전 BC",브륀힐드,566,SSR,철혈,순전,"감속, 명중버퍼",109,28
operation-siren,대작전,벽청년 이상,B+,"전함 BB, 순전 BC",퀸 앤즈 리벤지,709,SSR,템페스타,범선,경장 상대로만 쓸것,109,30
operation-siren,대작전,벽청년 이상,B+,"전함 BB, 순전 BC",펄,711,SSR,템페스타,범선,,109,31
operation-siren,대작전,벽청년 이상,B+,"전함 BB, 순전 BC",건스웨이,664,SSR,템페스타,범선,경장 상대로만 쓸것,109,32
operation-siren,대작전,벽청년 이상,B+,"전함 BB, 순전 BC",상 마르티뉴,613,SSR,템페스타,범선,,109,33
operation-siren,대작전,벽청년 이상,B+,"전함 BB, 순전 BC",마세나,698,SSR,아이리스,순전,스택형 딜러,109,34
operation-siren,대작전,벽청년 이상,B+,"전함 BB, 순전 BC",스트라스부르,652,SSR,비시아,순전,프랑스 조합 필요,109,36
operation-siren,대작전,벽청년 이상,B+,"전함 BB, 순전 BC",앨라배마,401,SSR,유니온,전함,,109,40
operation-siren,대작전,벽청년 이상,B+,"전함 BB, 순전 BC",소비에츠카야 러시아,441,SSR,노스유니온,전함,북련 조합 필요,109,44
operation-siren,대작전,벽청년 이상,B,"항모 CV, 경항모 CVL",아카기,224,SSR,중앵,항모,반장전 / 서로 시너지,113,2
operation-siren,대작전,벽청년 이상,B,"항모 CV, 경항모 CVL",카가,225,SSR,중앵,항모,,113,4
operation-siren,대작전,벽청년 이상,B,"항모 CV, 경항모 CVL",랭글리Ⅱ,573,SR,유니온,경항모,항모 버프,113,8
operation-siren,대작전,벽청년 이상,B,"항모 CV, 경항모 CVL",카츠라기,520,SSR,중앵,항모,3일본 방어 버프,113,10
operation-siren,대작전,벽청년 이상,B,"항모 CV, 경항모 CVL",즈이카쿠,229,SSR,중앵,항모,"단독성능은 쇼카쿠 아래
쇼카쿠와 시너지",113,12
operation-siren,대작전,벽청년 이상,B,"항모 CV, 경항모 CVL",유미,Z104,SSR,섬란 카구라,항모,"그럭저럭 강힘
약한 바인더",113,16
operation-siren,대작전,벽청년 이상,B,"항모 CV, 경항모 CVL",포미더블,147,SSR,로열,항모,바인더 대체,113,18
operation-siren,대작전,벽청년 이상,B,"전함 BB, 순전 BC",카잔,685,SSR,노스유니온,전함,소량 힐,113,24
operation-siren,대작전,벽청년 이상,B,"전함 BB, 순전 BC",호노카,Z062,SSR,DOAX VV,전함,,113,25
operation-siren,대작전,벽청년 이상,B,"전함 BB, 순전 BC",오딘,P016,SSR,철혈,순전,각종 유틸,113,26
operation-siren,대작전,벽청년 이상,B,"전함 BB, 순전 BC",비스마르크,250,SSR,철혈,전함,독일 버퍼,113,28
operation-siren,대작전,벽청년 이상,B,"전함 BB, 순전 BC",프린스 오브 웨일즈,135,SSR,로열,전함,이글 유니온 시너지,113,30
operation-siren,대작전,벽청년 이상,B,"전함 BB, 순전 BC",워싱턴,64,SSR,유니온,전함,3장갑 다 잘팸,113,34
operation-siren,대작전,벽청년 이상,B,"전함 BB, 순전 BC",클레망소,604,SSR,비시아,전함,프랑스 조합 필요,113,36
operation-siren,대작전,벽청년 이상,B,"전함 BB, 순전 BC",신죠 아카네,Z082,SSR,그리드맨,전함,"소환수로 인한
안정성 증가",113,38
operation-siren,대작전,벽청년 이상,B,"전함 BB, 순전 BC",로열 오크,582,SSR,로열,전함,힐 기능 있는 전함,113,40
operation-siren,대작전,벽청년 이상,B,"전함 BB, 순전 BC",미나세 이오리,Z073,SSR,아이마스,전함,중장만 잘팸,113,42
operation-siren,대작전,벽청년 이상,B,"전함 BB, 순전 BC",조지아,P008,SSR,유니온,전함,중형 / 중장 상대 미국 전함,113,44
operation-siren,대작전,벽청년 이상,B,"전함 BB, 순전 BC",매사추세츠,354,SSR,유니온,전함,,113,46
operation-siren,대작전,벽청년 이상,B,잠수 SS,아미티,666,SSR,템페스타,범선,"아군버프 /
초살팟",113,48
operation-siren,대작전,벽청년 이상,C+,"항모 CV, 경항모 CVL",인트레피드,442,SSR,유니온,항모,폭격 특화,117,6
operation-siren,대작전,벽청년 이상,C+,"항모 CV, 경항모 CVL",꼬마 엔터프라이즈,516,SR,유니온,항모,"대체 항모
마지노선",117,8
operation-siren,대작전,벽청년 이상,C+,"항모 CV, 경항모 CVL",쇼호,222,R,중앵,경항모,소량 힐,117,12
operation-siren,대작전,벽청년 이상,C+,"항모 CV, 경항모 CVL",일러스트리어스,145,SSR,로열,항모,전열 보호,117,16
operation-siren,대작전,벽청년 이상,C+,"항모 CV, 경항모 CVL",조프르,555,SSR,비시아,항모,"하위해역
많은 적 상대",117,18
operation-siren,대작전,벽청년 이상,C+,"항모 CV, 경항모 CVL",빅토리어스,146,SSR,로열,항모,적 전함 상대 보조,117,20
operation-siren,대작전,벽청년 이상,C+,"항모 CV, 경항모 CVL",화지아,579,SR,동황,경항모,"6전투기
대체 항모",117,22
operation-siren,대작전,벽청년 이상,C+,"전함 BB, 순전 BC",나기사,Z065,SR,DOAX VV,전함,감속 제공,117,24
operation-siren,대작전,벽청년 이상,C+,"전함 BB, 순전 BC",후드,129,SSR,로열,순전,장전 버프,117,26
operation-siren,대작전,벽청년 이상,C+,"전함 BB, 순전 BC",킹 조지 5세,134,SSR,로열,전함,세이렌 특화,117,28
operation-siren,대작전,벽청년 이상,C+,"전함 BB, 순전 BC",로마,561,SSR,사르데냐,전함,사르데냐 대체제,117,30
operation-siren,대작전,벽청년 이상,C+,"전함 BB, 순전 BC",리토리오,410,SSR,사르데냐,전함,,117,32
operation-siren,대작전,벽청년 이상,C+,"전함 BB, 순전 BC",됭케르크,352,SR,비시아,순전,"프랑스 함대 파츠
선장전, 딜 버프",117,36
operation-siren,대작전,벽청년 이상,C+,"전함 BB, 순전 BC",장 바르,353,SSR,비시아,전함,"프랑스 함대 파츠
대체 전함들",117,38
operation-siren,대작전,벽청년 이상,C+,"전함 BB, 순전 BC",샹파뉴,P017,SSR,아이리스,전함,,117,40
operation-siren,대작전,벽청년 이상,C+,"전함 BB, 순전 BC",미카사,320,SSR,중앵,전함,무사시 독점,117,42
operation-siren,대작전,벽청년 이상,C+,"전함 BB, 순전 BC",티르피츠,251,SSR,철혈,전함,"비스마르크와
같이 쓰기",117,44
operation-siren,대작전,벽청년 이상,C+,"전함 BB, 순전 BC",사우스다코타,65,SSR,유니온,전함,작은 육각형 딜러,117,46
operation-siren,대작전,벽청년 이상,C+,잠수 SS,로열 포춘,571,SSR,템페스타,범선,글쎄요..?,117,48
operation-siren,대작전,벽청년 이상,C+,잠수 SS,메리 셀러스트,611,SSR,템페스타,범선,,117,49
newbie,맨땅뉴비,벽뉴비 권장,S,구축 DD,캐신,5,N,유니온,구축,"앵커리지 점수
절약팟 전열
메인해역 다수 드랍",7,10
newbie,맨땅뉴비,벽뉴비 권장,S,구축 DD,다운즈,6,N,유니온,구축,,7,11
newbie,맨땅뉴비,벽뉴비 권장,S,경순 CL,샌디에이고,36,SSR,유니온,경순,"최상위 대공 성능
훈장교환",7,12
newbie,맨땅뉴비,벽뉴비 권장,S,경순 CL,잔 다르크,454,SSR,아이리스,경순,"탱커 보조
작전문서 획득 가능",7,16
newbie,맨땅뉴비,벽뉴비 권장,S,경순 CL,헬레나,33,SR,유니온,경순,"레이더 탐지
대함대 상점",7,18
newbie,맨땅뉴비,벽뉴비 권장,S,중순 / 대순 CA,프린츠 오이겐,244,SSR,철혈,중순,"철혈 점수작 좋음
무난한 탱커들
론 : 1기 pr함",7,26
newbie,맨땅뉴비,벽뉴비 권장,S,중순 / 대순 CA,론(µ장비),479,SSR,철혈,중순,,7,27
newbie,맨땅뉴비,벽뉴비 권장,S,"항모 CV, 경항모 CVL",엔터프라이즈,77,SSR,유니온,항모,"Lucky E
훈장교환",7,28
newbie,맨땅뉴비,벽뉴비 권장,S,"전함 BB, 순전 BC",티르피츠,251,SSR,철혈,전함,"철혈 점수 필요하면 육성할만함
아니면 쓸이유없음
훈장 교환",7,42
newbie,맨땅뉴비,벽뉴비 권장,S,상시 무딱,뱅가드,137,UR,로열,전함,"상시 전함 중 가장 강한 화력
현재 대세인 라이온+ 트라팔가 조합과 잘 어울림",7,44
newbie,맨땅뉴비,벽뉴비 권장,S,힐러,유니콘,142,SR,로열,경항모,"쫄팟, 광역힐, 선장전
개장 1순위, 신 GOD
대함대 상점",7,46
newbie,맨땅뉴비,벽뉴비 권장,S,힐러,아퀼라,502,SSR,사르데냐,항모,"쫄 보스 딜러
서브 힐러
특형 상시건조",7,48
newbie,맨땅뉴비,벽뉴비 권장,S,연구함,오딘,P016,SSR,철혈,순전,,7,59
newbie,맨땅뉴비,벽뉴비 권장,S,구축 DD,카자구모,517,SSR,중앵,구축,"공습선도 1황
훈장교환 1순위",11,6
newbie,맨땅뉴비,벽뉴비 권장,S,경순 CL,시리우스,371,SSR,로열,경순,"항모 버퍼
훈장교환",11,12
newbie,맨땅뉴비,벽뉴비 권장,S,중순 / 대순 CA,프린츠 오이겐,244,SSR,철혈,중순,"전장주면 실드/파갑
신규출첵 8일차 보상",11,20
newbie,맨땅뉴비,벽뉴비 권장,S,"항모 CV, 경항모 CVL",일러스트리어스,145,SSR,로열,항모,"전열보호
신입임무
훈장교환",11,28
newbie,맨땅뉴비,벽뉴비 권장,S,"항모 CV, 경항모 CVL",아크 로열,144,SR,로열,항모,"중형/중갑 바인더
6-3 드랍
특형 상시건조",11,30
newbie,맨땅뉴비,벽뉴비 권장,S,"항모 CV, 경항모 CVL",인디펜던스,377,SR,유니온,경항모,"제공권 + 반장전
타함대 항공버프
코어데이터 샵",11,32
newbie,맨땅뉴비,벽뉴비 권장,S,"전함 BB, 순전 BC",듀크 오브 요크,136,SSR,로열,전함,"감속, 받피증 버퍼
연습전 상점",11,40
newbie,맨땅뉴비,벽뉴비 권장,S,상시 무딱,뉴저지,68,UR,유니온,전함,"유니온 점수
보스전 특화 / 강한 대공
범용적으로 쓰기 좋은 성능",11,44
newbie,맨땅뉴비,벽뉴비 권장,S,힐러,류호,426,SSR,중앵,경항모,"힐러 대체제
훈장 교환",11,46
newbie,맨땅뉴비,벽뉴비 권장,S,힐러,볼가,538,SSR,노스유니온,항모,"높은 공격력
1+2 힐
특형 상시건조",11,48
newbie,맨땅뉴비,벽뉴비 권장,S,연구함,에기르,P020,UR,철혈,대순,"유틸갖춘 성능 탱커
4기 DR 연구함",11,54
newbie,맨땅뉴비,벽뉴비 권장,S,연구함,앵커리지,P018,SSR,유니온,중순,"연막탄 탱킹 보조
4기 PR 연구함",11,56
newbie,맨땅뉴비,벽뉴비 권장,S,연구함,프리드리히 데어 그로세,P011,UR,철혈,전함,"대경장 특화
상시 획득 전함 1황
2기 DR 연구함",11,58
newbie,맨땅뉴비,벽뉴비 권장,A,구축 DD,유다치,164,SSR,중앵,구축,"3번 자리 딜러
6-4 보스 드랍",15,2
newbie,맨땅뉴비,벽뉴비 권장,A,구축 DD,저비스,550,SSR,로열,구축,"어느정도의 탱
+ 생존 보조
작전 문서
소형 상시건조",15,4
newbie,맨땅뉴비,벽뉴비 권장,A,구축 DD,아리아케,175,R,중앵,구축,"보급형 공습 선도
대함대 상점",15,6
newbie,맨땅뉴비,벽뉴비 권장,A,구축 DD,유구레,176,R,중앵,구축,,15,7
newbie,맨땅뉴비,벽뉴비 권장,A,구축 DD,타슈켄트,433,SSR,노스유니온,구축,"3번 자리 딜러
나히모프 시너지
소형 상시건조",15,8
newbie,맨땅뉴비,벽뉴비 권장,A,구축 DD,Z20,265,N,철혈,구축,,15,11
newbie,맨땅뉴비,벽뉴비 권장,A,경순 CL,얏센,257,SR,동황,경순,"태생 보딱 중
탱킹 1황
상시 소형건조
간혹 연하장",15,12
newbie,맨땅뉴비,벽뉴비 권장,A,경순 CL,노시로,322,SSR,중앵,경순,"경장 방뢰요원
작전문서
상시 소형건조",15,14
newbie,맨땅뉴비,벽뉴비 권장,A,경순 CL,쿠이비셰프,577,SSR,노스유니온,경순,"포격특화 경순
상시 소형건조",15,18
newbie,맨땅뉴비,벽뉴비 권장,A,중순 / 대순 CA,포틀랜드,44,R,유니온,중순,"초반 국밥탱
신입임무 육성픽
대함대 상점",15,20
newbie,맨땅뉴비,벽뉴비 권장,A,중순 / 대순 CA,샌프란시스코,512,SSR,유니온,중순,"무난한 만능탱커
상시 중형건조",15,22
newbie,맨땅뉴비,벽뉴비 권장,A,중순 / 대순 CA,아드미랄 히퍼,242,SR,철혈,중순,"전부 쉽게 얻을만한 철혈 전열 / 무난한 성능
도이칠란드는 상시 중형건조
나머진 대함대 상점",15,24
newbie,맨땅뉴비,벽뉴비 권장,A,중순 / 대순 CA,아드미랄 그라프 슈피,246,SR,철혈,중순,,15,25
newbie,맨땅뉴비,벽뉴비 권장,A,중순 / 대순 CA,도이칠란트,245,SR,철혈,중순,,15,26
newbie,맨땅뉴비,벽뉴비 권장,A,"항모 CV, 경항모 CVL",샹그릴라,378,SSR,유니온,항모,"안정성 높은
엔터프라이즈
특형 상시건조",15,28
newbie,맨땅뉴비,벽뉴비 권장,A,"항모 CV, 경항모 CVL",쇼카쿠,228,SSR,중앵,항모,"즈이카쿠와 시너지
전장 성능 좋음
전장 주면 차상위 금딱
훈장 교환",15,30
newbie,맨땅뉴비,벽뉴비 권장,A,"항모 CV, 경항모 CVL",새러토가,74,SR,유니온,항모,"폭격 특화
쫄팟 후보군
4-2 등 드랍
특형 상시건조",15,32
newbie,맨땅뉴비,벽뉴비 권장,A,"항모 CV, 경항모 CVL",인도미터블,553,SSR,로열,항모,,15,35
newbie,맨땅뉴비,벽뉴비 권장,A,"전함 BB, 순전 BC",하우,461,SSR,로열,전함,"명중, 장전 버퍼
중형 상시건조",15,38
newbie,맨땅뉴비,벽뉴비 권장,A,"전함 BB, 순전 BC",비토리오 베네토,500,SSR,사르데냐,전함,"사르데냐 코어
중형 상시건조",15,40
newbie,맨땅뉴비,벽뉴비 권장,A,"전함 BB, 순전 BC",비스마르크,250,SSR,철혈,전함,"독일 버퍼
진영점수작으론
티르피츠 먼저
훈장 교환",15,42
newbie,맨땅뉴비,벽뉴비 권장,A,상시 무딱,시나노,231,UR,중앵,항모,"보스팟 광역딜러
일항팟 코어",15,44
newbie,맨땅뉴비,벽뉴비 권장,A,힐러,퍼시어스,462,SSR,로열,경항모,"이중 선장전
타함대 힐 
특형 상시건조",15,46
newbie,맨땅뉴비,벽뉴비 권장,A,잠수 SS,알바코어,358,SSR,유니온,잠수,"미잠
높은 산소량",15,52
newbie,맨땅뉴비,벽뉴비 권장,A,잠수 SS,아처피시,513,SSR,유니온,잠수,,15,53
newbie,맨땅뉴비,벽뉴비 권장,A,연구함,체셔,P013,SSR,로열,중순,"대공요원 + 무난한탱
11지 이후로 활약
3기 PR 연구함",15,54
newbie,맨땅뉴비,벽뉴비 권장,A,구축 DD,엘드릿지,28,SSR,유니온,구축,"탱커/탱 보조 1황
개장템없으면 후순위
연습전 상점",19,2
newbie,맨땅뉴비,벽뉴비 권장,A,구축 DD,찰스 오스본,13,SR,유니온,구축,"무난한 탱커
소형 상시건조",19,4
newbie,맨땅뉴비,벽뉴비 권장,A,구축 DD,스즈츠키,468,SSR,중앵,구축,,19,5
newbie,맨땅뉴비,벽뉴비 권장,A,구축 DD,잉그레이엄,518,SSR,유니온,구축,"잉그레이엄
대공 / 기타보조유틸
재너스
높은 공격력

소형 상시건조",19,6
newbie,맨땅뉴비,벽뉴비 권장,A,구축 DD,재너스,569,SSR,로열,구축,,19,7
newbie,맨땅뉴비,벽뉴비 권장,A,구축 DD,후부키,151,SR,중앵,구축,"전용장비 요구됨
좋은 화력보조
소형 상시건조",19,8
newbie,맨땅뉴비,벽뉴비 권장,A,구축 DD,스테판 포터,509,SR,유니온,구축,"공습선도 대체제
소형 상시건조",19,10
newbie,맨땅뉴비,벽뉴비 권장,A,경순 CL,몬트필리어,330,SSR,유니온,경순,"무난한 3번 딜러
상시 소형건조",19,12
newbie,맨땅뉴비,벽뉴비 권장,A,경순 CL,두카 델리 아브루치,501,SSR,사르데냐,경순,"뇌격특화 3번딜러
작전문서
상시 소형건조",19,14
newbie,맨땅뉴비,벽뉴비 권장,A,경순 CL,차파예프,436,SSR,노스유니온,경순,"포격 딜링 특화
작전문서
상시 소형건조",19,16
newbie,맨땅뉴비,벽뉴비 권장,A,경순 CL,파먀티 메르쿠리야,434,SR,노스유니온,경순,"적당한 탱커
북련 점수용
상시 소형건조",19,18
newbie,맨땅뉴비,벽뉴비 권장,A,중순 / 대순 CA,미니애폴리스,364,SSR,유니온,중순,"평균이상 탱+딜
흡혈
훈장 교환",19,20
newbie,맨땅뉴비,벽뉴비 권장,A,중순 / 대순 CA,프린츠 하인리히,483,SSR,철혈,중순,"딜을 좀 더 가진 탱커
철혈 점수작
상시 중형건조",19,22
newbie,맨땅뉴비,벽뉴비 권장,A,중순 / 대순 CA,프린츠 아달베르트,527,SSR,철혈,중순,"무난한 탱커
철혈 점수작
상시 중형건조",19,24
newbie,맨땅뉴비,벽뉴비 권장,A,"항모 CV, 경항모 CVL",포미더블,147,SSR,로열,항모,"바인더 대체제
특형 상시건조",19,28
newbie,맨땅뉴비,벽뉴비 권장,A,"항모 CV, 경항모 CVL",센토,356,SSR,로열,경항모,,19,29
newbie,맨땅뉴비,벽뉴비 권장,A,"항모 CV, 경항모 CVL",타이콘데로가,511,SSR,유니온,항모,"무난한 미항모
둘다 특형 상시건조
타이콘 -> 작전문서",19,30
newbie,맨땅뉴비,벽뉴비 권장,A,"항모 CV, 경항모 CVL",에식스,357,SSR,유니온,항모,,19,31
newbie,맨땅뉴비,벽뉴비 권장,A,"항모 CV, 경항모 CVL",롱 아일랜드,70,R,유니온,경항모,"불안정 딜러
경장 특화
해역 드랍
상시 특형 건조",19,34
newbie,맨땅뉴비,벽뉴비 권장,A,"전함 BB, 순전 BC",나가토,212,SSR,중앵,전함,"중앵버퍼
훈장 교환",19,36
newbie,맨땅뉴비,벽뉴비 권장,A,"전함 BB, 순전 BC",워스파이트,131,SSR,로열,전함,"개장시 강한 무딱딜러
훈장교환",19,37
newbie,맨땅뉴비,벽뉴비 권장,A,"전함 BB, 순전 BC",리슐리외,453,SSR,아이리스,전함,"프랑스 버퍼
선장전
중형 상시건조",19,40
newbie,맨땅뉴비,벽뉴비 권장,A,"전함 BB, 순전 BC",그나이제나우,249,SR,철혈,순전,"철혈 점수셔틀
초반 확정획득 후열
작전 문서",19,42
newbie,맨땅뉴비,벽뉴비 권장,A,"전함 BB, 순전 BC",샤른호르스트,248,SR,철혈,순전,,19,43
newbie,맨땅뉴비,벽뉴비 권장,A,상시 무딱,시마카제,268,UR,중앵,구축,뉴비에겐 권장되진 않음,19,44
newbie,맨땅뉴비,벽뉴비 권장,A,힐러,쇼호,222,R,중앵,경항모,"힐/항모버퍼
대함대 상점",19,46
newbie,맨땅뉴비,벽뉴비 권장,A,잠수 SS,U-522,400,SR,철혈,잠수,"보급형 원거리지원
독잠",19,50
newbie,맨땅뉴비,벽뉴비 권장,A,연구함,나폴리,P035,UR,사르데냐,중순,"실드 무시 딜러
탱커
7기 DR 연구함",19,54
newbie,맨땅뉴비,벽뉴비 권장,B,구축 DD,유키카제,166,SSR,중앵,구축,"후열 생존버퍼
훈장 교환",23,2
newbie,맨땅뉴비,벽뉴비 권장,B,구축 DD,알렌 M. 섬너,508,SSR,유니온,구축,"대공
훈장 교환",23,4
newbie,맨땅뉴비,벽뉴비 권장,B,구축 DD,창춘,255,SR,동황,구축,"절약팟
미사일 구축함(미구)
대함대 상점",23,8
newbie,맨땅뉴비,벽뉴비 권장,B,구축 DD,글로우웜,94,SR,로열,구축,"메인해역 대체 탱커
높은 보스 딜링
작전 문서",23,10
newbie,맨땅뉴비,벽뉴비 권장,B,경순 CL,오로라,118,SR,로열,경순,"경장 상대버퍼
상시 소형건조",23,12
newbie,맨땅뉴비,벽뉴비 권장,B,경순 CL,아브로라,262,SSR,노스유니온,경순,"전열 화력 버프
뉴비용은 아님
북련 점수
상시 소형건조",23,16
newbie,맨땅뉴비,벽뉴비 권장,B,중순 / 대순 CA,브레머튼,443,SSR,유니온,중순,"3번자리 딜러
브레머튼 : 작전문서
볼티모어 : 훈장 교환",23,20
newbie,맨땅뉴비,벽뉴비 권장,B,중순 / 대순 CA,볼티모어,50,SSR,유니온,중순,,23,21
newbie,맨땅뉴비,벽뉴비 권장,B,중순 / 대순 CA,차라,413,SSR,사르데냐,중순,"국밥탱 + 사르데냐
훈장 교환",23,22
newbie,맨땅뉴비,벽뉴비 권장,B,중순 / 대순 CA,치쿠마,195,SSR,중앵,중순,"대체제 탱커
작전문서
중형 상시건조",23,24
newbie,맨땅뉴비,벽뉴비 권장,B,"항모 CV, 경항모 CVL",즈이카쿠,229,SSR,중앵,항모,"쇼카쿠와 시너지
훈장교환",23,28
newbie,맨땅뉴비,벽뉴비 권장,B,"항모 CV, 경항모 CVL",임페로,540,SSR,사르데냐,항모,"강한 반장전 항모
상시 특형건조",23,32
newbie,맨땅뉴비,벽뉴비 권장,B,"항모 CV, 경항모 CVL",페터 슈트라서,482,SSR,철혈,항모,"철혈 점수 / 독일 항모
가끔 초대장
특형 상시건조",23,34
newbie,맨땅뉴비,벽뉴비 권장,B,"전함 BB, 순전 BC",킹 조지 5세,134,SSR,로열,전함,"세이렌 특화
작전문서
연습전 상점",23,36
newbie,맨땅뉴비,벽뉴비 권장,B,"전함 BB, 순전 BC",프린스 오브 웨일즈,135,SSR,로열,전함,"미국 버퍼 / 선장전
작전 문서",23,38
newbie,맨땅뉴비,벽뉴비 권장,B,"전함 BB, 순전 BC",후드,129,SSR,로열,순전,"순전 쿼터제용
둘다 훈장 교환 가능",23,40
newbie,맨땅뉴비,벽뉴비 권장,B,"전함 BB, 순전 BC",아마기,367,SSR,중앵,순전,,23,42
newbie,맨땅뉴비,벽뉴비 권장,B,잠수 SS,U-101,399,SSR,철혈,잠수,U보트 대체제,23,50
newbie,맨땅뉴비,벽뉴비 권장,B,잠수 SS,노틸러스,519,SR,유니온,잠수,미잠 대체제,23,52
newbie,맨땅뉴비,벽뉴비 권장,B,잠수 SS,카발라,402,SSR,유니온,잠수,,23,53
newbie,맨땅뉴비,벽뉴비 권장,B,구축 DD,Z1,233,SR,철혈,구축,"절혈 점수용
Z1은 Z급 버퍼

상시 소형건조",27,2
newbie,맨땅뉴비,벽뉴비 권장,B,구축 DD,Z46,267,SSR,철혈,구축,,27,3
newbie,맨땅뉴비,벽뉴비 권장,B,구축 DD,르 말랭,394,SSR,비시아,구축,,27,5
newbie,맨땅뉴비,벽뉴비 권장,B,구축 DD,키예프,535,SSR,노스유니온,구축,"딜 특화 유리대포
작전 문서
소형 상시건조",27,6
newbie,맨땅뉴비,벽뉴비 권장,B,구축 DD,폼페오 마뇨,541,SSR,사르데냐,구축,,27,7
newbie,맨땅뉴비,벽뉴비 권장,B,구축 DD,르 테리블,522,SSR,아이리스,구축,"적당한 딜탱
아이리스
소형 상시건조",27,8
newbie,맨땅뉴비,벽뉴비 권장,B,경순 CL,피닉스,32,R,유니온,경순,"전열 탱 대체제
해역 드랍
대함대 상점",27,12
newbie,맨땅뉴비,벽뉴비 권장,B,경순 CL,컬루,373,R,로열,경순,"보급형 공습선도
차라리 아리아케 ㄱㄱ
상시 소형건조",27,14
newbie,맨땅뉴비,벽뉴비 권장,B,경순 CL,마그데부르크,525,SSR,철혈,경순,"작전문서
소형 상시건조",27,16
newbie,맨땅뉴비,벽뉴비 권장,B,경순 CL,뉘른베르크,486,SR,철혈,경순,"대공 보조
잠수함 경치버프
소형 상시건조",27,18
newbie,맨땅뉴비,벽뉴비 권장,B,중순 / 대순 CA,타카오,200,SSR,중앵,중순,"3번자리 딜러
훈장 교환",27,22
newbie,맨땅뉴비,벽뉴비 권장,B,중순 / 대순 CA,폴라,489,SSR,사르데냐,중순,"차라 있으면 교환고려
3번 자리 딜러
사르데냐 진영점수
훈장 교환",27,24
newbie,맨땅뉴비,벽뉴비 권장,B,"항모 CV, 경항모 CVL",인트레피드,442,SSR,유니온,항모,"파갑
유니온 점수작
특형 상시건조",27,28
newbie,맨땅뉴비,벽뉴비 권장,B,"항모 CV, 경항모 CVL",히류,227,SR,중앵,항모,"저렴한 개장값
초반에 무난하게 쓰기좋음
3지역 드랍",27,30
newbie,맨땅뉴비,벽뉴비 권장,B,"항모 CV, 경항모 CVL",소류,226,SR,중앵,항모,,27,31
newbie,맨땅뉴비,벽뉴비 권장,B,"항모 CV, 경항모 CVL",아카기,224,SSR,중앵,항모,"서로 시너지
3-4 보스 파밍",27,32
newbie,맨땅뉴비,벽뉴비 권장,B,"항모 CV, 경항모 CVL",카가,225,SSR,중앵,항모,,27,33
newbie,맨땅뉴비,벽뉴비 권장,B,"항모 CV, 경항모 CVL",카츠라기,520,SSR,중앵,항모,"3일본 방어 버프
특형 상시건조",27,34
newbie,맨땅뉴비,벽뉴비 권장,B,"전함 BB, 순전 BC",리토리오,410,SSR,사르데냐,전함,"사르데냐 파츠
사르데냐 점수
작전문서",27,36
newbie,맨땅뉴비,벽뉴비 권장,B,"전함 BB, 순전 BC",토사,215,SSR,중앵,전함,"사거리 짧은 탄막
훈장 교환",27,38
newbie,맨땅뉴비,벽뉴비 권장,B,"전함 BB, 순전 BC",앨라배마,401,SSR,유니온,전함,"유니온 점수쌀먹
메인으로 쓰긴 아쉬움
훈장 교환",27,40
newbie,맨땅뉴비,벽뉴비 권장,B,"전함 BB, 순전 BC",됭케르크,352,SR,비시아,순전,"프랑스 함대 파츠
선장전, 딜 버프
중형 상시건조",27,42
newbie,맨땅뉴비,벽뉴비 권장,,구축 DD,라피,19,SR,유니온,구축,"시작함 3인방, 초반 해역 여기저기서 드랍",31,2
newbie,맨땅뉴비,벽뉴비 권장,,구축 DD,Z23,236,SR,철혈,구축,"딜탱 밸런스
철혈 점수작
시작함 3인방 
도감 달성 보상",31,4
newbie,맨땅뉴비,벽뉴비 권장,,구축 DD,카스미,424,SR,중앵,구축,"중앵 점수작용
대함대 상점",31,8
newbie,맨땅뉴비,벽뉴비 권장,,경순 CL,스위프트슈어,393,SSR,로열,경순,"로열 점수작용
소형 상시건조",31,12
newbie,맨땅뉴비,벽뉴비 권장,,중순 / 대순 CA,알제리,455,SSR,비시아,중순,작은 육각형,31,20
newbie,맨땅뉴비,벽뉴비 권장,,중순 / 대순 CA,엑세터,126,SR,로열,중순,감속요원,31,24
newbie,맨땅뉴비,벽뉴비 권장,,"항모 CV, 경항모 CVL",레인저,75,N,유니온,경항모,"도파민 발사대
절약팟 멤버
신경안써도 구해짐",31,28
newbie,맨땅뉴비,벽뉴비 권장,,"전함 BB, 순전 BC",티르피츠,251,SSR,철혈,전함,"철혈 점수 필요하면 육성할만함
아니면 쓸이유없음
훈장 교환",31,36
newbie,맨땅뉴비,벽뉴비 권장,,"전함 BB, 순전 BC",소비에츠카야 러시아,441,SSR,노스유니온,전함,노스 유니온 조합 필요,31,38
newbie,맨땅뉴비,벽뉴비 권장,,"전함 BB, 순전 BC",장 바르,353,SSR,비시아,전함,"프랑스 함대 파츠
선장전, 대경장용
훈장 교환",31,42
